"draw","rank_one_fraction"
1,0.911452556636238
2,0.901078161750379
3,0.907924892090084
4,0.913561631774775
5,0.900883691933632
6,0.895847395831053
7,0.905265734219024
8,0.868217427857055
9,0.868922269101975
10,0.82819104821485
11,0.864948729159743
12,0.84997293390821
13,0.905003149827206
14,0.895154208553353
15,0.841436458534072
16,0.91052208933501
17,0.901985589227775
18,0.875424556072683
19,0.854435341784593
20,0.878336733529098
21,0.876706984358857
22,0.902803784722247
23,0.87795105203211
24,0.874566733494962
25,0.903837571652636
26,0.855744365704379
27,0.904476410192798
28,0.891088881369086
29,0.881728256570586
30,0.895491815245835
31,0.924066451823016
32,0.90455502971657
33,0.873624668695012
34,0.888567399329845
35,0.933534644170277
36,0.877627737002043
37,0.87560379806859
38,0.849413802884523
39,0.900378295309571
40,0.882109676847025
41,0.884460101756906
42,0.891385152590158
43,0.880135818666941
44,0.853964703938557
45,0.903281222940617
46,0.922331521836791
47,0.895321975873965
48,0.892065871478923
49,0.868537886704085
50,0.865783602333111
51,0.892399614653821
52,0.906707311993734
53,0.888341319215153
54,0.869384176921134
55,0.846253514979965
56,0.876205401463044
57,0.852233504656104
58,0.837177103807349
59,0.917247453749811
60,0.927668978242968
61,0.90683320605281
62,0.903145508544765
63,0.876085240400711
64,0.858024629025781
65,0.892562496348214
66,0.904188541183944
67,0.902817585912381
68,0.877111823952911
69,0.899845787385399
70,0.886119124851495
71,0.878002348796163
72,0.882695389377121
73,0.876569820105882
74,0.879507552318336
75,0.898111402194741
76,0.896429086578347
77,0.881648833782605
78,0.852995511076624
79,0.87233616466129
80,0.865480856161984
81,0.888043757498774
82,0.870895295149065
83,0.821869913467218
84,0.848568960468306
85,0.918409868361087
86,0.884474537561698
87,0.876973846829746
88,0.893668883282416
89,0.819473864968767
90,0.804839751462621
91,0.842731230421771
92,0.888873292417189
93,0.924287425019929
94,0.914849590986345
95,0.876640858004447
96,0.880541144662725
97,0.836851620684451
98,0.93158975173367
99,0.903744310234981
100,0.906096079924992
101,0.902766645622413
102,0.899325786795225
103,0.868419774577493
104,0.877883608270973
105,0.892318523245254
106,0.873044250833749
107,0.866843563798454
108,0.898280475210789
109,0.810168230890556
110,0.877585228176394
111,0.868827441161584
112,0.849641477815066
113,0.866636836818075
114,0.883756203911714
115,0.900753278400866
116,0.873382944705776
117,0.860872685351261
118,0.868846259189411
119,0.873483462082777
120,0.908762770543713
121,0.913289544940509
122,0.886825825505769
123,0.876752151716946
124,0.89425067981175
125,0.834885534183841
126,0.866254113340933
127,0.901248122372168
128,0.89786033269275
129,0.874236555127967
130,0.858581889264368
131,0.866214289543346
132,0.85027340371006
133,0.890361866933909
134,0.862750944419954
135,0.883770834230762
136,0.885774238729783
137,0.884907106299508
138,0.917366161399902
139,0.857906698213674
140,0.889406425700569
141,0.880498497015653
142,0.872091709490622
143,0.898936064294625
144,0.85652588528577
145,0.850960990451052
146,0.833104590596183
147,0.808092028192647
148,0.833614057946927
149,0.848913525069737
150,0.87586089373516
151,0.872399248678447
152,0.885525823566142
153,0.87841307722016
154,0.892265847685772
155,0.88455601003465
156,0.860428961194015
157,0.855700077271899
158,0.813156231614827
159,0.86456474860781
160,0.860879252174753
161,0.861654284651769
162,0.858313034310628
163,0.852189002308615
164,0.817825759706378
165,0.826115257863702
166,0.862029115688729
167,0.836652711204507
168,0.894488449755805
169,0.863572748096367
170,0.897560366845748
171,0.887434585029088
172,0.879693552375914
173,0.910176712389205
174,0.898305084098625
175,0.877053317194263
176,0.91397415045348
177,0.886140775427887
178,0.872384840361278
179,0.829301291400037
180,0.920217282977805
181,0.92209431348801
182,0.880576670755036
183,0.911890571424899
184,0.893785917259334
185,0.914422214962736
186,0.870403728031844
187,0.932039206859944
188,0.888574316309914
189,0.811531631216044
190,0.87910965309377
191,0.866975471911755
192,0.832259569783356
193,0.816078675205534
194,0.908837014616785
195,0.889082379298815
196,0.923608217359297
197,0.83745038497408
198,0.811073638606878
199,0.83297449173736
200,0.884846875341635
201,0.898895314141785
202,0.889875737026347
203,0.912947788419175
204,0.929124020093481
205,0.912962045993067
206,0.853128513624674
207,0.926408974035762
208,0.907544385214932
209,0.866004258764873
210,0.862910778272608
211,0.85830089081103
212,0.873440974433502
213,0.885734481607809
214,0.891563855254156
215,0.837025211922759
216,0.84300452933996
217,0.81981215291518
218,0.86023716009206
219,0.898074582264302
220,0.908377879147699
221,0.866405074316262
222,0.816869052721462
223,0.878275929073946
224,0.855520465694675
225,0.881203643569141
226,0.858440884683095
227,0.848067687610062
228,0.881058369131379
229,0.875507090324563
230,0.899490269626225
231,0.873381452817526
232,0.870580796862046
233,0.871406626582977
234,0.821122761978804
235,0.90438639102845
236,0.893349517535099
237,0.876154812766891
238,0.920375125428065
239,0.913963997647008
240,0.864922379248441
241,0.861789852577439
242,0.847837625331266
243,0.865119451292217
244,0.888059080355964
245,0.899496101305795
246,0.893324801504553
247,0.856201555784788
248,0.92593628315683
249,0.888225236019822
250,0.889163164195693
251,0.862413952000561
252,0.887541541527592
253,0.91567012704569
254,0.859061484941222
255,0.86785563970592
256,0.870998226352212
257,0.873112392279133
258,0.924649181050674
259,0.846173564184943
260,0.870942886361609
261,0.878267860838854
262,0.918109627199629
263,0.816101867217186
264,0.804616943030486
265,0.85874185900517
266,0.855324925649797
267,0.911558777367813
268,0.889404903764257
269,0.897832036319813
270,0.854328502401079
271,0.907573594444937
272,0.889314790300843
273,0.884653105653181
274,0.864649923466991
275,0.897257284905488
276,0.874343926844868
277,0.875057886829958
278,0.932138669423204
279,0.919963568467357
280,0.929671294946412
281,0.924893211335961
282,0.923309968363622
283,0.8402217263095
284,0.813859246815765
285,0.870032178935619
286,0.895850530083706
287,0.880464801629238
288,0.851743259897394
289,0.868621945774786
290,0.875970684422095
291,0.865410268730726
292,0.84727941623087
293,0.832421857299006
294,0.837616951284753
295,0.80326443696458
296,0.933623931849861
297,0.891286373025483
298,0.894220649010387
299,0.869665870969457
300,0.888436683315971
301,0.86332416953796
302,0.869092407951391
303,0.897961718913859
304,0.878968253361048
305,0.885016063804395
306,0.892767139372929
307,0.896578535660899
308,0.8908591506635
309,0.867658486971362
310,0.89901157292866
311,0.85724122475816
312,0.827512729387165
313,0.859507461575066
314,0.867634837693254
315,0.833807012693459
316,0.835914961764393
317,0.815456481577928
318,0.878532243087858
319,0.934281797104762
320,0.936759379574107
321,0.895326097789358
322,0.895980686458514
323,0.896880413095533
324,0.793417661684868
325,0.903315184869126
326,0.881737561071025
327,0.861709098666693
328,0.84077436045836
329,0.858089456298958
330,0.9094508229067
331,0.855137436073837
332,0.885535031285742
333,0.880727330417344
334,0.837185357497266
335,0.910918090865951
336,0.85065197974969
337,0.874002958704519
338,0.891839886013187
339,0.886675976515035
340,0.894689192806923
341,0.871123991812347
342,0.902881437260667
343,0.886454635783044
344,0.890463690130161
345,0.868157295548611
346,0.872191756415382
347,0.847409529821428
348,0.847359775110572
349,0.877772292869961
350,0.848526869295213
351,0.898759506681632
352,0.864351527752196
353,0.894778093819547
354,0.917040323249286
355,0.883701661400251
356,0.898732237504294
357,0.908447347549634
358,0.843520950133645
359,0.894347222554862
360,0.820827886144391
361,0.872702321143886
362,0.888879038157976
363,0.894704120592991
364,0.901098236443287
365,0.866584211404913
366,0.863342195936744
367,0.89470730466622
368,0.892495254932226
369,0.888154239176529
370,0.870705588519253
371,0.806202889570025
372,0.865504423607977
373,0.892911942299362
374,0.923770453080263
375,0.919387273745715
376,0.908063167740288
377,0.902335886372418
378,0.892251340466638
379,0.872271632342784
380,0.896738263367195
381,0.916873384053578
382,0.886844601366404
383,0.891302461406353
384,0.916907387754564
385,0.925759223811637
386,0.893867268833066
387,0.930109832787988
388,0.879330517236017
389,0.81965498778442
390,0.915641107073697
391,0.902097477863845
392,0.88285205579228
393,0.898107989759495
394,0.87499359385783
395,0.908275129348839
396,0.895386270097223
397,0.90025677140098
398,0.86005363775036
399,0.888456492846683
400,0.836018082051241
401,0.891903045857753
402,0.882692220139292
403,0.859928410121574
404,0.889073355377181
405,0.921139836651116
406,0.903062495189776
407,0.866818540393109
408,0.889473394748386
409,0.86873107391033
410,0.851638945708871
411,0.824387598760443
412,0.830039308149988
413,0.901082807479559
414,0.829972710890176
415,0.856556187126304
416,0.911486959307599
417,0.892680960315695
418,0.914007680681966
419,0.875344104432716
420,0.863898003769889
421,0.886047694251334
422,0.882660157901803
423,0.839796853450076
424,0.869771596029173
425,0.893630153884609
426,0.8913213282862
427,0.865061063493739
428,0.850689969192532
429,0.890564517686168
430,0.883084899528836
431,0.858818960177637
432,0.899355321511692
433,0.889692253672348
434,0.893311553143906
435,0.891251526551133
436,0.815194270637025
437,0.826222377921707
438,0.859491322951282
439,0.874415801772622
440,0.816672019775137
441,0.832282109347451
442,0.924511987086623
443,0.858723698262247
444,0.870928616770011
445,0.867310841596556
446,0.881858502207015
447,0.857912725996653
448,0.901835312441922
449,0.888973181254578
450,0.876938076600158
451,0.853886278390696
452,0.927274076854817
453,0.862101165532325
454,0.823722467555729
455,0.829951198820872
456,0.824376540931228
457,0.906995404428131
458,0.86636133886499
459,0.869464006054109
460,0.875389301119274
461,0.878504146942263
462,0.887381592502181
463,0.891517641829472
464,0.911471627173213
465,0.867791885216567
466,0.858969337421675
467,0.885324263632157
468,0.842615269589654
469,0.887493778867802
470,0.889992683058404
471,0.868705971685254
472,0.901241033486609
473,0.88676757953253
474,0.884165359951653
475,0.890737784668521
476,0.867711366609417
477,0.885403897433422
478,0.853162282793177
479,0.841190615766878
480,0.889227950019251
481,0.831475307911322
482,0.830234530758887
483,0.884642637848134
484,0.929866022843578
485,0.869837080415732
486,0.855986133975207
487,0.849413084412077
488,0.92077855825674
489,0.867005682321317
490,0.88884352931254
491,0.896035562931691
492,0.882812167780381
493,0.839333683602156
494,0.847631765470309
495,0.868344176039584
496,0.870689407382318
497,0.870756642792657
498,0.829249112733465
499,0.868935439237911
500,0.883714832320443
501,0.822466573025704
502,0.88612372383265
503,0.838045356283901
504,0.869936416991032
505,0.90281407991701
506,0.88254474815367
507,0.925828301503009
508,0.867679456535234
509,0.838613015340804
510,0.831603477340856
511,0.905338178287161
512,0.86946993139845
513,0.870315539058932
514,0.903870134163913
515,0.813049872717455
516,0.874620287944213
517,0.923605551535374
518,0.862176062440665
519,0.905751123199633
520,0.889663144334198
521,0.886084576657628
522,0.870123761483282
523,0.893204824758334
524,0.857883204195288
525,0.837825946709626
526,0.871826982106683
527,0.866520140740585
528,0.859448045979625
529,0.880910034065241
530,0.87922909118472
531,0.873248297926954
532,0.86871888447839
533,0.830026219209702
534,0.860702949003022
535,0.879549690027161
536,0.866387283598081
537,0.866592179881432
538,0.876554862447293
539,0.877858351812367
540,0.87720062440186
541,0.88529827778747
542,0.843132438197607
543,0.890397420289272
544,0.873466314435982
545,0.861735122161612
546,0.860171016424
547,0.876575699594591
548,0.873655776252735
549,0.896317701600694
550,0.878139489623869
551,0.867047976182864
552,0.860556118075458
553,0.892126462454447
554,0.855342194383426
555,0.900536593258254
556,0.915787009443626
557,0.926494775406054
558,0.903515132291973
559,0.855783039979685
560,0.909285851158214
561,0.887212763328315
562,0.878380281627886
563,0.880698291925353
564,0.900002929845732
565,0.871158725889766
566,0.850210413169096
567,0.905595089257688
568,0.876362320030973
569,0.859128480279742
570,0.864422087821528
571,0.875810647456529
572,0.846865240407265
573,0.877909628720696
574,0.822975523529571
575,0.845484428303383
576,0.832837071746802
577,0.875345137168261
578,0.899764873778402
579,0.902481286798374
580,0.849339605140953
581,0.845917544551525
582,0.894143025804853
583,0.885548172414803
584,0.866115273273097
585,0.863767612338187
586,0.83942269002006
587,0.93383303015616
588,0.945069624939789
589,0.86944357740271
590,0.850904991503963
591,0.899405787978771
592,0.933709679964714
593,0.875751837988428
594,0.913103288780006
595,0.873422355253408
596,0.869823437752807
597,0.858018951933163
598,0.834287197233438
599,0.848613933072756
600,0.880415141211808
601,0.881221140689035
602,0.865012103368405
603,0.847508226122978
604,0.868456399557908
605,0.894891653607372
606,0.895224529662405
607,0.907305261267278
608,0.839480991810565
609,0.846557089484378
610,0.903997844095846
611,0.917717789704522
612,0.899001786581592
613,0.900314408195959
614,0.910198631203791
615,0.884830198324457
616,0.931959803914694
617,0.884537822579322
618,0.871196453773213
619,0.872932037437931
620,0.899295986059304
621,0.880824304112341
622,0.895622554707978
623,0.883782808534757
624,0.883241812151736
625,0.853337628101428
626,0.904485154233614
627,0.896830241767605
628,0.850499076456738
629,0.901857093866212
630,0.912794752299738
631,0.89501144519267
632,0.906768109695421
633,0.93839704953909
634,0.9259988563829
635,0.924930002347877
636,0.888567866760054
637,0.891541365911798
638,0.879052355816433
639,0.883649738846142
640,0.891767352911195
641,0.883773689712724
642,0.879743109387645
643,0.88675239315833
644,0.838083041716071
645,0.8765836893547
646,0.892861532676756
647,0.890482013628867
648,0.908853869655974
649,0.885147357805766
650,0.909994615445131
651,0.917566243113054
652,0.911632070355604
653,0.901351198297403
654,0.887205863957004
655,0.792544323626273
656,0.887069368704029
657,0.851692826734957
658,0.902105815523468
659,0.888480999966623
660,0.908663847859719
661,0.887859949194111
662,0.914619293256414
663,0.910697091538344
664,0.87837430686533
665,0.898669781308854
666,0.872426972066805
667,0.883938065866579
668,0.863986535592619
669,0.899062031687624
670,0.864605513387964
671,0.858335267558252
672,0.866568059794887
673,0.86347510472702
674,0.826342351115177
675,0.848129851052727
676,0.888539299234449
677,0.894131495329133
678,0.825278622267166
679,0.871005747402556
680,0.869888986002207
681,0.916788810211589
682,0.87990773139323
683,0.865538559846767
684,0.897177803533917
685,0.873863024554897
686,0.869645921585048
687,0.883137147249621
688,0.839757478727988
689,0.841722334602319
690,0.850804591778283
691,0.936424111970459
692,0.920369959719726
693,0.909512285064657
694,0.859070398175055
695,0.849079075412201
696,0.890475572936488
697,0.878673314918908
698,0.857992500711171
699,0.892660581756685
700,0.872634498908646
701,0.874941411054197
702,0.878323309111734
703,0.850224388129402
704,0.869992279605718
705,0.832403986129927
706,0.8976258669558
707,0.91963240442788
708,0.881604694256911
709,0.888906733992334
710,0.860694066770334
711,0.865765903363317
712,0.867291320501293
713,0.888364177917647
714,0.872705069140639
715,0.867987672572912
716,0.916635441453748
717,0.867045783739789
718,0.889859955785939
719,0.87929538396
720,0.842650675401197
721,0.889463787628511
722,0.892712451907639
723,0.874747139672043
724,0.855400496195975
725,0.897540682554658
726,0.913170424070095
727,0.910366593443472
728,0.847680335758631
729,0.887529940079717
730,0.903123474409903
731,0.905117261665689
732,0.873599158582224
733,0.910509420194975
734,0.910318304980199
735,0.895209268886413
736,0.83788676431479
737,0.868103634317143
738,0.8781121202166
739,0.922974607372993
740,0.885006728986211
741,0.913166572151765
742,0.887954580120488
743,0.892617402884053
744,0.874932258521954
745,0.930628395183652
746,0.885205481889654
747,0.869367382801327
748,0.840003064718924
749,0.850131533933644
750,0.947720214387302
751,0.867372794781385
752,0.895202417025532
753,0.89563110624217
754,0.845798921126618
755,0.906167773807475
756,0.902943951822787
757,0.848772115530987
758,0.898297004880419
759,0.888193968586243
760,0.882799802842186
761,0.87625355651566
762,0.854830993600037
763,0.894829126973275
764,0.90095133799476
765,0.868791367350058
766,0.900381729610782
767,0.871094317777788
768,0.886289851584193
769,0.873839954067951
770,0.885490671263694
771,0.833615962466822
772,0.89668114244547
773,0.874346293783402
774,0.87935864247299
775,0.84812834852356
776,0.877882846602455
777,0.862790362300571
778,0.896246987736894
779,0.83765846900638
780,0.854103670842795
781,0.842814981555198
782,0.87348900536218
783,0.886182132951936
784,0.857432509458049
785,0.83879228356951
786,0.870873755963754
787,0.909649448363497
788,0.83161746407299
789,0.865021996201913
790,0.826339974092739
791,0.834318071200881
792,0.894784530711354
793,0.865309671779425
794,0.863489238367337
795,0.848283978814305
796,0.888480188627101
797,0.900129569980766
798,0.877523051790608
799,0.882550666794238
800,0.846174456264605
801,0.828637790797001
802,0.902932920487947
803,0.899815546193706
804,0.905261769489942
805,0.876378811972809
806,0.875396336904886
807,0.883933104891254
808,0.860919142172594
809,0.893726246719384
810,0.886306019423716
811,0.887199939549288
812,0.875545284074602
813,0.859073157745622
814,0.889141342749757
815,0.889867259619815
816,0.872286873822514
817,0.868780637943043
818,0.873091147713335
819,0.876770466411748
820,0.869429911688341
821,0.872233014900045
822,0.867352595114996
823,0.883456931647257
824,0.907452415989613
825,0.908875170207813
826,0.928976444132065
827,0.872430916441227
828,0.871114421999241
829,0.901457878290659
830,0.8656351426368
831,0.881303417965111
832,0.856379494529559
833,0.832013207830592
834,0.841433755184654
835,0.802239242377995
836,0.836923332030029
837,0.842032338649257
838,0.881732044652928
839,0.893856649214343
840,0.916291641269907
841,0.884275277389488
842,0.866860089762071
843,0.931334285679964
844,0.931658061417167
845,0.889976995830545
846,0.896031003914821
847,0.897841236348964
848,0.892776018914253
849,0.893525239834036
850,0.884177025585308
851,0.88074307791723
852,0.899074434216832
853,0.840043462740833
854,0.851299137129157
855,0.875252393821849
856,0.86617735399967
857,0.895953242523411
858,0.874760742187449
859,0.88979564024789
860,0.85411185992404
861,0.883638317864365
862,0.883057966829398
863,0.882680231876732
864,0.902521190907434
865,0.899093348226211
866,0.864667135360218
867,0.896448015754858
868,0.887626517647096
869,0.882403139765691
870,0.877158306915227
871,0.912910558304334
872,0.881557735800735
873,0.851813656447373
874,0.875559473535021
875,0.884272868361304
876,0.887489128298812
877,0.886384640593159
878,0.87500641038846
879,0.866878666018582
880,0.91206560337568
881,0.918478103134682
882,0.892699137450343
883,0.904081333728209
884,0.889450045962493
885,0.889416142715729
886,0.87425580610564
887,0.85279139105455
888,0.886093391042654
889,0.917807053554922
890,0.855086522491678
891,0.855026005588435
892,0.908092539059524
893,0.88250378944483
894,0.904292857327988
895,0.895141042541388
896,0.86910353304078
897,0.860760963902344
898,0.900149538155065
899,0.861241668722893
900,0.847857210135373
901,0.846286723756529
902,0.862187362490567
903,0.903214045442812
904,0.848754535994448
905,0.896913493853414
906,0.870460242892283
907,0.896877931121154
908,0.861365582378631
909,0.842024074460127
910,0.882596481132661
911,0.899399986135061
912,0.84626543765398
913,0.888002649104867
914,0.841352519962545
915,0.896355093099168
916,0.827674331445555
917,0.920562842989525
918,0.890032747659455
919,0.867034017625891
920,0.887888743481474
921,0.840088647149536
922,0.822721985013544
923,0.884750542845299
924,0.83522213249051
925,0.885045889134986
926,0.871477850757716
927,0.89667666546246
928,0.883138687369887
929,0.917988346344594
930,0.900547678188948
931,0.89374563083097
932,0.848616991110081
933,0.847342430190533
934,0.830720644036968
935,0.888639993333495
936,0.885227084590314
937,0.864010390179605
938,0.878272805057058
939,0.867861336724422
940,0.889587633980992
941,0.856114261151774
942,0.869731274300699
943,0.883133764630821
944,0.877467003111558
945,0.92978109913763
946,0.878915795778856
947,0.850630255865359
948,0.940361001250907
949,0.848967135267558
950,0.856877146566318
951,0.953008091464041
952,0.917170534894465
953,0.881101782435808
954,0.878112086122671
955,0.894793778606096
956,0.903401838685967
957,0.930092321889646
958,0.898646581165111
959,0.895708906335569
960,0.889876577458376
961,0.879954386806098
962,0.823604734551515
963,0.875775987446448
964,0.881433864873483
965,0.89439730719448
966,0.876591014187056
967,0.869778090410901
968,0.908091469788808
969,0.899152940981558
970,0.867505871633777
971,0.853433769870793
972,0.892716483034712
973,0.870723988844012
974,0.870108672873052
975,0.879641486980943
976,0.877596400035499
977,0.869847804506316
978,0.867505393576052
979,0.829005276116758
980,0.857364294326191
981,0.846371591320979
982,0.855076197914886
983,0.863637226372581
984,0.874150864706657
985,0.917882904862474
986,0.913014788187641
987,0.885480435831783
988,0.898978313025473
989,0.903047062968621
990,0.878058940147426
991,0.866240734760171
992,0.87181988223281
993,0.852063664990339
994,0.905981537888829
995,0.92042151553136
996,0.906257256997019
997,0.843435582357705
998,0.868299289010273
999,0.898864540534592
1000,0.901445540061754
1001,0.901587569551354
1002,0.928671161027654
1003,0.873745786861959
1004,0.895783938472603
1005,0.891709222280577
1006,0.799944063655655
1007,0.817736219726484
1008,0.830372861889356
1009,0.820014402238683
1010,0.873649636972515
1011,0.863461536272623
1012,0.887343448509939
1013,0.895620943201092
1014,0.852319326527547
1015,0.864279193196594
1016,0.832702793429111
1017,0.849196649191255
1018,0.849002283916996
1019,0.875753134991291
1020,0.815793281153486
1021,0.790702059284597
1022,0.873174581361151
1023,0.878837487627664
1024,0.858785116711277
1025,0.861280866395803
1026,0.828592149090387
1027,0.800609422579158
1028,0.808079693661176
1029,0.815307725739183
1030,0.894880845799634
1031,0.872300944679935
1032,0.864974445763752
1033,0.87557379999357
1034,0.88685181766976
1035,0.877542206781611
1036,0.86345495150372
1037,0.920169568949249
1038,0.881543815881467
1039,0.882663898344554
1040,0.9314971342874
1041,0.908985934228154
1042,0.889268062375582
1043,0.86878101065828
1044,0.882497544070444
1045,0.889636534839863
1046,0.851550807614907
1047,0.867462208838929
1048,0.893227535096094
1049,0.903309479887489
1050,0.838247116732399
1051,0.89445129625436
1052,0.881330359277873
1053,0.874420543174162
1054,0.891720495812289
1055,0.903854844953817
1056,0.894143347653146
1057,0.891380732115871
1058,0.919749137383062
1059,0.885355182708376
1060,0.879274219359646
1061,0.875266820043226
1062,0.85796627099795
1063,0.861721740364409
1064,0.865849745421472
1065,0.866244080566045
1066,0.865655777267369
1067,0.857807503391618
1068,0.866571591406701
1069,0.868569190804376
1070,0.877341293264318
1071,0.89553387536858
1072,0.893806879010604
1073,0.89267208085755
1074,0.90067646447371
1075,0.928962101015505
1076,0.91922370486695
1077,0.879205757530508
1078,0.913300445280721
1079,0.895590410796512
1080,0.888214230610067
1081,0.850740402006458
1082,0.879208814390163
1083,0.862714007152205
1084,0.881523856495916
1085,0.929933997161546
1086,0.939501428883936
1087,0.874804038259607
1088,0.864990722224677
1089,0.86067665205784
1090,0.889328248412746
1091,0.891014316334434
1092,0.872885466181538
1093,0.855151539791328
1094,0.875470936107042
1095,0.887535255909925
1096,0.859879142994915
1097,0.84715481102681
1098,0.86712270204941
1099,0.879399823355066
1100,0.864930090037021
1101,0.886277487038366
1102,0.838331744437747
1103,0.872375526113574
1104,0.908452284061555
1105,0.904486842754154
1106,0.835650416372948
1107,0.843419042802957
1108,0.849004214433457
1109,0.873265216201823
1110,0.859828954917442
1111,0.883846616445151
1112,0.881288571221628
1113,0.860742714732225
1114,0.851429012855428
1115,0.931225600583024
1116,0.894358471176346
1117,0.917007004705923
1118,0.870265110062935
1119,0.88207554720671
1120,0.845769645016451
1121,0.889348219078751
1122,0.875760205439765
1123,0.876435316217471
1124,0.906099744107217
1125,0.895084879035717
1126,0.932302925462663
1127,0.925177089667386
1128,0.923955283523122
1129,0.941402652138662
1130,0.930337610197618
1131,0.904994930651527
1132,0.924155324590613
1133,0.929408356788702
1134,0.912879993941467
1135,0.934414074085319
1136,0.916381031080927
1137,0.924949677259524
1138,0.809900673210207
1139,0.858654927277855
1140,0.856073807982636
1141,0.860465453080805
1142,0.890348885621542
1143,0.916712402284942
1144,0.922946596630881
1145,0.896898191794604
1146,0.874011696469643
1147,0.897761689632918
1148,0.844760260924586
1149,0.90662004522715
1150,0.866988623203257
1151,0.898441445512529
1152,0.836131617918737
1153,0.878007747354771
1154,0.883176380356604
1155,0.889821744147517
1156,0.8833916463913
1157,0.875170369672916
1158,0.879478311422805
1159,0.884665543131491
1160,0.877255358313123
1161,0.879866809491099
1162,0.891248140129014
1163,0.915077759103793
1164,0.885917982507028
1165,0.845645305693978
1166,0.873539683504578
1167,0.876337378581303
1168,0.829017419050364
1169,0.826849529532055
1170,0.859731559698647
1171,0.794223943525904
1172,0.881223722048136
1173,0.870799080294577
1174,0.885961458213186
1175,0.853346156665204
1176,0.907283007704315
1177,0.870599175528673
1178,0.870792699324955
1179,0.888279550086405
1180,0.900000427558219
1181,0.892058673255077
1182,0.84525149387313
1183,0.833019559856282
1184,0.824036589782375
1185,0.895307584387251
1186,0.889841845052968
1187,0.888256617077216
1188,0.879295196969981
1189,0.858277122417463
1190,0.882191502897619
1191,0.884711230412691
1192,0.867650156482935
1193,0.941844065622307
1194,0.919268015989993
1195,0.878947064137838
1196,0.842461971875399
1197,0.895842019396389
1198,0.863610697571434
1199,0.856901645387808
1200,0.849553669294534
1201,0.851578266548238
1202,0.853876976629952
1203,0.857399880362128
1204,0.835937918459144
1205,0.857178490312753
1206,0.902535865514057
1207,0.852077122084015
1208,0.91120568630914
1209,0.846341235165193
1210,0.90129540662169
1211,0.886235574908515
1212,0.906384897056213
1213,0.866589132847013
1214,0.890753848781013
1215,0.893526062660767
1216,0.919062298612074
1217,0.847463134241079
1218,0.896870799513716
1219,0.871006726091825
1220,0.862494459835077
1221,0.864011915255236
1222,0.830737271625163
1223,0.820983372272986
1224,0.875484172380585
1225,0.860141821165806
1226,0.857024425899378
1227,0.85964194988613
1228,0.916827638316388
1229,0.912991356034562
1230,0.924497900187097
1231,0.922382331333671
1232,0.893582136090073
1233,0.857689950772216
1234,0.890781175671598
1235,0.897634759041246
1236,0.915615362303448
1237,0.916203754483275
1238,0.845031831960626
1239,0.920957201663454
1240,0.883871979740787
1241,0.881826328110562
1242,0.865367760892737
1243,0.866579956587141
1244,0.867204735932407
1245,0.852480974713821
1246,0.900377737499316
1247,0.887259538452246
1248,0.894022730891413
1249,0.877556504242073
1250,0.872114578543256
1251,0.883416406146369
1252,0.858473067478092
1253,0.863675092663172
1254,0.865330937842343
1255,0.876193016011272
1256,0.904260232374742
1257,0.86371561718385
1258,0.867522401387127
1259,0.866257647568134
1260,0.90620435222429
1261,0.849654639059403
1262,0.890865770393612
1263,0.905288585020917
1264,0.889874023605052
1265,0.889507711498107
1266,0.90017005824474
1267,0.89678494808099
1268,0.88230467847842
1269,0.888192967606003
1270,0.846669636592493
1271,0.894091258249555
1272,0.826349610979539
1273,0.852352605523595
1274,0.816224335903556
1275,0.930263502034067
1276,0.877823186331566
1277,0.895763670643871
1278,0.875473859194287
1279,0.841112213809912
1280,0.851321897156489
1281,0.89202603338161
1282,0.869306732603198
1283,0.892483489437048
1284,0.821347247904772
1285,0.806930569278738
1286,0.842722191622864
1287,0.90993616833536
1288,0.852849155285478
1289,0.893573178535167
1290,0.815323179066265
1291,0.930438969405293
1292,0.921374892913077
1293,0.846100608062323
1294,0.908513965726107
1295,0.912345887758114
1296,0.878362217449087
1297,0.818358960812676
1298,0.88105539112807
1299,0.876315853056842
1300,0.877355617149982
1301,0.928814023737671
1302,0.88640062128469
1303,0.867528637885269
1304,0.901802772109406
1305,0.862183964441442
1306,0.862347197966727
1307,0.904226018747987
1308,0.875956336759891
1309,0.885071377491604
1310,0.891589329949556
1311,0.917045185145527
1312,0.911978983009966
1313,0.895482746447106
1314,0.927937506864104
1315,0.908717341514124
1316,0.890384645906234
1317,0.837066263697784
1318,0.879852179009956
1319,0.899711463504074
1320,0.888256539211371
1321,0.855054568542759
1322,0.905248923902828
1323,0.919939889604948
1324,0.877276879292585
1325,0.899521523043736
1326,0.867229690917931
1327,0.841851584981748
1328,0.88260480244413
1329,0.842414091127814
1330,0.915321137159426
1331,0.880113398088727
1332,0.890684542724907
1333,0.914129859768365
1334,0.907290396747245
1335,0.871248706912583
1336,0.875304849329554
1337,0.897506508058848
1338,0.838148400613127
1339,0.899934477385677
1340,0.898043453279373
1341,0.886315242972782
1342,0.913382833517064
1343,0.832695954516479
1344,0.896779263551078
1345,0.880984222291093
1346,0.881075736753612
1347,0.880044669851642
1348,0.879272318685325
1349,0.894104491493243
1350,0.90145913742038
1351,0.874074539845171
1352,0.893611331536208
1353,0.907470079315224
1354,0.923587429560213
1355,0.889436328230216
1356,0.906571013670279
1357,0.885160373384439
1358,0.933764358437626
1359,0.924464470298618
1360,0.911200399526147
1361,0.873537485896376
1362,0.846116760924675
1363,0.846911989179036
1364,0.844720806463175
1365,0.864652443149126
1366,0.875156641653751
1367,0.909253615136864
1368,0.866579742918445
1369,0.882573319227294
1370,0.853005033752507
1371,0.806461329071374
1372,0.87512837109321
1373,0.875775400129982
1374,0.84676566206791
1375,0.833839736538612
1376,0.93112502161538
1377,0.934216707182326
1378,0.874706338001498
1379,0.800434667547436
1380,0.864804214950568
1381,0.896566801841551
1382,0.877966388270292
1383,0.882778114499076
1384,0.873529905991247
1385,0.891764431729619
1386,0.881883156421163
1387,0.872279212927956
1388,0.916294265105014
1389,0.898064406240931
1390,0.9002724035224
1391,0.815817263343543
1392,0.91688331012182
1393,0.894210731506244
1394,0.896867999043728
1395,0.880051256698343
1396,0.916691137500403
1397,0.894834024366035
1398,0.870012815434676
1399,0.867114966677625
1400,0.844503317639576
1401,0.828622813655393
1402,0.896267793332087
1403,0.879450881106452
1404,0.88872213800366
1405,0.902248184767626
1406,0.87261034518662
1407,0.92346296951015
1408,0.840976570514253
1409,0.831108927281435
1410,0.86294693030786
1411,0.842866330419345
1412,0.863872971494578
1413,0.868269049470587
1414,0.863659788577774
1415,0.899041364382425
1416,0.831637732433716
1417,0.897748340189033
1418,0.821374172991602
1419,0.893150975177833
1420,0.898773705515046
1421,0.899828568820173
1422,0.903791059947759
1423,0.85103805417854
1424,0.871062839545938
1425,0.866584310798247
1426,0.850922976589206
1427,0.816379070334059
1428,0.912712015502854
1429,0.802371444681822
1430,0.82676968383796
1431,0.85987374412953
1432,0.895475656066637
1433,0.879561118083877
1434,0.870671020350224
1435,0.858652894820904
1436,0.884092447908635
1437,0.873348736139131
1438,0.875616225155549
1439,0.882318878872038
1440,0.892545150609691
1441,0.905454537987123
1442,0.896313497179367
1443,0.880684702209361
1444,0.878503255005206
1445,0.865826608399192
1446,0.857449437140231
1447,0.869752318906886
1448,0.910624270391867
1449,0.821129165399141
1450,0.849871180155148
1451,0.854261415492447
1452,0.858427450062659
1453,0.913629938600994
1454,0.900517269440263
1455,0.916888458298008
1456,0.881500425467917
1457,0.878207149434105
1458,0.923101763474323
1459,0.913301461983921
1460,0.868429389024126
1461,0.877522812114811
1462,0.901236776664408
1463,0.884220308930349
1464,0.88266957260585
1465,0.904336104028755
1466,0.882752595821515
1467,0.883603670738787
1468,0.889666102851665
1469,0.877151494840723
1470,0.878842900388992
1471,0.895259567004121
1472,0.886828141303197
1473,0.889823159862791
1474,0.823731278265081
1475,0.873701046563124
1476,0.897667655804753
1477,0.896130448579936
1478,0.842069786579799
1479,0.874105785488173
1480,0.889871175508515
1481,0.880924287427061
1482,0.902144889341528
1483,0.825438175583519
1484,0.877707789632719
1485,0.879739994655243
1486,0.885779715650014
1487,0.883383878378624
1488,0.860225683526621
1489,0.89764082863098
1490,0.912521167657345
1491,0.879270164253007
1492,0.879504673998335
1493,0.843726587635245
1494,0.893998279216918
1495,0.860467796565627
1496,0.87340333329818
1497,0.847984797784207
1498,0.907867997338698
1499,0.890465631679292
1500,0.903684260993571
1501,0.916085136158738
1502,0.903439627015258
1503,0.892673515556036
1504,0.900945277979996
1505,0.895961003591184
1506,0.89786919555208
1507,0.898769926534963
1508,0.911140992032105
1509,0.817929065830323
1510,0.926425003535829
1511,0.818080252573841
1512,0.887475292050957
1513,0.882606948453139
1514,0.895852540711683
1515,0.888219165610025
1516,0.87931896208847
1517,0.864507317360325
1518,0.86390033759191
1519,0.84185303409149
1520,0.82313246733125
1521,0.897284359159593
1522,0.878436632010965
1523,0.885418011428947
1524,0.87554208008515
1525,0.905599691698606
1526,0.893438523269682
1527,0.887093809528334
1528,0.921666783191091
1529,0.823038058619966
1530,0.886644454246183
1531,0.890777343832912
1532,0.880930239400944
1533,0.912352831658777
1534,0.889245286609243
1535,0.890128321035818
1536,0.904362112451797
1537,0.906901348456154
1538,0.891393544488336
1539,0.911928295385057
1540,0.872281112750258
1541,0.873558201717201
1542,0.841563910760556
1543,0.868579233968846
1544,0.918070951261862
1545,0.925936583281806
1546,0.847720686209928
1547,0.849412137463471
1548,0.885049036866681
1549,0.895713214213672
1550,0.924154237176952
1551,0.904995864810493
1552,0.825014019359389
1553,0.875416702235095
1554,0.891891367617412
1555,0.892689596698674
1556,0.865306292396655
1557,0.889093705320207
1558,0.835608853299775
1559,0.865301519389439
1560,0.852116663355491
1561,0.845744595011373
1562,0.905848984519773
1563,0.901785097915831
1564,0.908733922915173
1565,0.891934441440822
1566,0.93102633244862
1567,0.857857172393893
1568,0.916116033416479
1569,0.876890683040385
1570,0.86033477068771
1571,0.892891835106837
1572,0.86405387778131
1573,0.85081093498353
1574,0.937053050003111
1575,0.860981238867713
1576,0.902381452930167
1577,0.824907808880925
1578,0.86168636714061
1579,0.86652593471712
1580,0.87779048384611
1581,0.880475292549184
1582,0.89600387822047
1583,0.85857652802327
1584,0.889160688207149
1585,0.890093190170781
1586,0.892060409587354
1587,0.899197474223252
1588,0.89699194207528
1589,0.909157749261914
1590,0.867330533170065
1591,0.869534189783703
1592,0.913081357989907
1593,0.847778106006952
1594,0.926253291241021
1595,0.868110313477265
1596,0.886328544119978
1597,0.899257035727436
1598,0.881654888436263
1599,0.86385860830052
1600,0.887226260217973
1601,0.861416894146491
1602,0.86646496736303
1603,0.828725231551032
1604,0.860821164980772
1605,0.86165158442221
1606,0.867302186832241
1607,0.877590389939559
1608,0.914184658994238
1609,0.906477892856996
1610,0.903253745837035
1611,0.893005011897219
1612,0.900904097371433
1613,0.818803686337139
1614,0.876769303995607
1615,0.842559313239909
1616,0.822394202402588
1617,0.860666615972055
1618,0.821631692757414
1619,0.850249613591929
1620,0.902525701591334
1621,0.856032386761125
1622,0.877439443523515
1623,0.906130962739927
1624,0.88140639917738
1625,0.856120024305254
1626,0.917147953826828
1627,0.860539079817344
1628,0.851432940737637
1629,0.916999558430174
1630,0.849949281587407
1631,0.847436810173107
1632,0.866958386748576
1633,0.852425157086969
1634,0.878101147763492
1635,0.847776798880683
1636,0.828150425613321
1637,0.851248563477286
1638,0.934346854941467
1639,0.86955436502394
1640,0.898172015333324
1641,0.909192954677855
1642,0.91122774996421
1643,0.874059376256145
1644,0.875838536942538
1645,0.901817713852347
1646,0.908902006466344
1647,0.904808863672144
1648,0.891456920152481
1649,0.860690116317319
1650,0.85092776737093
1651,0.831607592879599
1652,0.9125600283334
1653,0.858643435198358
1654,0.87646507023076
1655,0.84867284414842
1656,0.843239247316274
1657,0.857781478245309
1658,0.851441181319356
1659,0.876074518748557
1660,0.887533560780196
1661,0.831831015601367
1662,0.827188971778988
1663,0.880957195605845
1664,0.8956636348136
1665,0.896218320320258
1666,0.884035270873695
1667,0.887544721482566
1668,0.888483751638266
1669,0.905145354860193
1670,0.87752519660547
1671,0.904487052728427
1672,0.900883722098745
1673,0.817154252825837
1674,0.818730971284929
1675,0.831193682237731
1676,0.883619466785657
1677,0.870089883917517
1678,0.896051976988921
1679,0.819327472672439
1680,0.877495554751587
1681,0.944378144198222
1682,0.86265000187382
1683,0.853107772108267
1684,0.884141916725475
1685,0.883245963174555
1686,0.866017025255307
1687,0.869015985849999
1688,0.868115668142057
1689,0.896817140888963
1690,0.913565395532664
1691,0.856309659872178
1692,0.820163275568866
1693,0.863436750027415
1694,0.910134392956945
1695,0.874663724367071
1696,0.913867335042273
1697,0.880223485272558
1698,0.902597386401671
1699,0.91798685770081
1700,0.856322236362493
1701,0.843561074605427
1702,0.852478740943885
1703,0.899875375240066
1704,0.902363571506286
1705,0.896101130721164
1706,0.888768514685832
1707,0.857677507147542
1708,0.890127085990713
1709,0.842803379705687
1710,0.830144225954645
1711,0.835610858778942
1712,0.839381844678156
1713,0.840683112404789
1714,0.845796798823567
1715,0.944147392847661
1716,0.916097495497064
1717,0.909390090029736
1718,0.857079091653459
1719,0.910457609312863
1720,0.847798094152522
1721,0.915990558734333
1722,0.906904826304554
1723,0.918066539586358
1724,0.914636649755529
1725,0.896208055072049
1726,0.782874444783749
1727,0.899051225909404
1728,0.880917157292075
1729,0.882396382600907
1730,0.876315201250555
1731,0.77783122633311
1732,0.886362016625711
1733,0.895391543811695
1734,0.903182042004443
1735,0.882173308853657
1736,0.894480530641356
1737,0.920682310737857
1738,0.841904061905117
1739,0.912295896204198
1740,0.940207640515014
1741,0.856952149006675
1742,0.931143852562633
1743,0.866883643035333
1744,0.847225698645698
1745,0.840206708832892
1746,0.836968194656754
1747,0.775638000604905
1748,0.905662667850913
1749,0.904797445340106
1750,0.834997635761688
1751,0.901418121077569
1752,0.831230724209927
1753,0.922594059768065
1754,0.91964520909
1755,0.847071723700962
1756,0.895193115515544
1757,0.878607534640783
1758,0.867342375490949
1759,0.884995588637605
1760,0.836493923021615
1761,0.853372853678289
1762,0.887274380665832
1763,0.889141694755349
1764,0.845725799428761
1765,0.872674895420093
1766,0.856817173382427
1767,0.881788422018406
1768,0.917439148586966
1769,0.902232752772609
1770,0.937789183177013
1771,0.950754309257475
1772,0.852690551809164
1773,0.893165000751112
1774,0.844032425372512
1775,0.821634425955375
1776,0.80925054494076
1777,0.865655874753382
1778,0.874260788274026
1779,0.880881422809498
1780,0.887255972826513
1781,0.808420866650043
1782,0.84313006157386
1783,0.836619300109388
1784,0.829334397459473
1785,0.840095994019134
1786,0.84867621529676
1787,0.831379430693849
1788,0.819575729129092
1789,0.802411615687764
1790,0.901227394252196
1791,0.854886511384551
1792,0.883774943248778
1793,0.866318946055552
1794,0.862206098545931
1795,0.86557328149016
1796,0.865160151752454
1797,0.897675212160402
1798,0.889006417504786
1799,0.858798918834412
1800,0.853462884166085
1801,0.865263926802262
1802,0.859294596882717
1803,0.859704973965868
1804,0.852350056380714
1805,0.841534644853793
1806,0.889169477980838
1807,0.878020482749713
1808,0.891272690221104
1809,0.881517247469689
1810,0.899985718798574
1811,0.892251667075601
1812,0.9082379611082
1813,0.876480840575467
1814,0.895382190713661
1815,0.880327577419375
1816,0.848206797316195
1817,0.894273133322906
1818,0.9029664232892
1819,0.881111344101677
1820,0.864979504842851
1821,0.80736908035261
1822,0.830260573084301
1823,0.832625269133948
1824,0.849001341438518
1825,0.831251317969463
1826,0.856065467744206
1827,0.814575703205409
1828,0.823738058047922
1829,0.887340171507569
1830,0.900478539810394
1831,0.859366696754205
1832,0.841530683505061
1833,0.850851208018663
1834,0.880929446379901
1835,0.868997588282614
1836,0.857984508047021
1837,0.885305717629785
1838,0.849695139372391
1839,0.852245424432293
1840,0.888826112627155
1841,0.87877798309588
1842,0.911120677962998
1843,0.912629680638655
1844,0.910007423032037
1845,0.906940618622019
1846,0.924262698666961
1847,0.887443278747151
1848,0.919122331828624
1849,0.83201296953166
1850,0.892815675317464
1851,0.848939374901593
1852,0.940440086424822
1853,0.940337114484319
1854,0.849797563156862
1855,0.924456447968157
1856,0.836725264993972
1857,0.877331276748063
1858,0.849387636428196
1859,0.858840849187081
1860,0.895602121540708
1861,0.917937399578476
1862,0.914629719862224
1863,0.906743948870338
1864,0.887559545893575
1865,0.883448896429772
1866,0.84746552239737
1867,0.827765651763666
1868,0.853513167800873
1869,0.851032404293104
1870,0.854024112547041
1871,0.864690050856104
1872,0.870727393856402
1873,0.81287934216208
1874,0.878628711095522
1875,0.859037381832342
1876,0.841134858909004
1877,0.894517832363223
1878,0.884972830562957
1879,0.885138180533724
1880,0.898097565011309
1881,0.897964131787871
1882,0.903307004988907
1883,0.860041674036292
1884,0.898391137647236
1885,0.896970534466389
1886,0.896982937787163
1887,0.900985419603454
1888,0.879728292169782
1889,0.886903385558244
1890,0.861362500605408
1891,0.905910899506854
1892,0.897183518110509
1893,0.886909604436897
1894,0.86703810534627
1895,0.890914549626359
1896,0.86491145530812
1897,0.854181127971981
1898,0.913047808421862
1899,0.897051344120357
1900,0.815605297763026
1901,0.870279141623534
1902,0.923497405962212
1903,0.882038055037581
1904,0.880598943535148
1905,0.845370037478553
1906,0.89324646108688
1907,0.887153302660474
1908,0.880765225408143
1909,0.844098120807784
1910,0.875360908500615
1911,0.883587452049133
1912,0.886503509797315
1913,0.833513521127713
1914,0.862665552395217
1915,0.847097152335316
1916,0.880783805162234
1917,0.891798500962953
1918,0.872668346692873
1919,0.886599858964257
1920,0.905045887777966
1921,0.845038708172662
1922,0.896913176541042
1923,0.862308441937656
1924,0.892032362277931
1925,0.893749589999595
1926,0.843619165106496
1927,0.893871594972664
1928,0.851998894446156
1929,0.863430756845218
1930,0.898993873102771
1931,0.901339224719823
1932,0.907641066060512
1933,0.902289177100193
1934,0.84941582849397
1935,0.851562960333532
1936,0.890358145554733
1937,0.883191008275473
1938,0.876145972246885
1939,0.875307168990462
1940,0.914766579225014
1941,0.874724883998349
1942,0.89745686300234
1943,0.90210334132529
1944,0.908101059511915
1945,0.916002442679616
1946,0.87573094610664
1947,0.893474976582812
1948,0.892982673733096
1949,0.910674151566571
1950,0.877039162534083
1951,0.855106843741612
1952,0.863045242073762
1953,0.839242533192168
1954,0.876692459156423
1955,0.880698666169366
1956,0.894203272446138
1957,0.877299679273671
1958,0.884048256807615
1959,0.806064180998852
1960,0.827231075634511
1961,0.845490159849827
1962,0.888854072649533
1963,0.90635870099253
1964,0.814101888875271
1965,0.810988716002712
1966,0.82131893508656
1967,0.899668768635431
1968,0.83938026847879
1969,0.838271748391424
1970,0.855017656827285
1971,0.893936697604743
1972,0.859422021585386
1973,0.883026169215485
1974,0.846160631145428
1975,0.86194837692958
1976,0.858736877818184
1977,0.874975031715925
1978,0.805949863098775
1979,0.826779039682751
1980,0.874717737683484
1981,0.85158781100205
1982,0.891494715660366
1983,0.857292843327988
1984,0.892052914320557
1985,0.844450040721649
1986,0.883056671290701
1987,0.881656789243447
1988,0.876589579081861
1989,0.906936372969913
1990,0.867259376859405
1991,0.884110088511325
1992,0.872818572350653
1993,0.84549377536653
1994,0.869685308749022
1995,0.860291726210207
1996,0.831705255217919
1997,0.84650736453655
1998,0.897019063645235
1999,0.901473905995188
2000,0.910309525566731
2001,0.93224706843127
2002,0.918837505315761
2003,0.929394523397066
2004,0.840873828101814
2005,0.884012658821086
2006,0.882202959384081
2007,0.910004551827622
2008,0.862755901076352
2009,0.898660887061676
2010,0.891450912261925
2011,0.908633631754301
2012,0.907309443323149
2013,0.890996384846197
2014,0.874263505291059
2015,0.868232858085118
2016,0.906918886598868
2017,0.903293290779473
2018,0.878370294787665
2019,0.857251949156908
2020,0.833762074579762
2021,0.847124032211999
2022,0.876678103334428
2023,0.898311042013064
2024,0.914157574843208
2025,0.868612100068823
2026,0.883663557647215
2027,0.854785499643533
2028,0.869015087776684
2029,0.884571757974459
2030,0.917336838789569
2031,0.852440408760166
2032,0.895114266601031
2033,0.880470090360533
2034,0.874299474720552
2035,0.844241083237142
2036,0.862027443595006
2037,0.888772684414241
2038,0.862086179045202
2039,0.892444546877745
2040,0.905362182293678
2041,0.917062255397874
2042,0.915459099626906
2043,0.896825921276704
2044,0.918625693433365
2045,0.907382072009147
2046,0.847635413699528
2047,0.900322721690942
2048,0.872152668886435
2049,0.87346234767952
2050,0.861322455989577
2051,0.882799689804025
2052,0.866346640527644
2053,0.871673677786355
2054,0.921148620301902
2055,0.907307057248106
2056,0.910222706982766
2057,0.92029247052003
2058,0.872534693499354
2059,0.857818239547937
2060,0.878598620511479
2061,0.932957634447505
2062,0.847604343041303
2063,0.837800092888349
2064,0.900107420203244
2065,0.894236707595179
2066,0.912275328137612
2067,0.904020401167329
2068,0.880336602989668
2069,0.885613507542635
2070,0.894877687118792
2071,0.854801478107533
2072,0.880081427078648
2073,0.875480738217681
2074,0.86417478749754
2075,0.850809724778038
2076,0.849249613491592
2077,0.847612972670873
2078,0.856930685665897
2079,0.88569062455371
2080,0.866397377569014
2081,0.883113386136425
2082,0.898954764442867
2083,0.900006484031141
2084,0.855750156579635
2085,0.854171967371946
2086,0.865672287662018
2087,0.82655950685492
2088,0.828248012757515
2089,0.879062299106438
2090,0.828022455049649
2091,0.86191203972047
2092,0.867590884527487
2093,0.811735779364271
2094,0.866845602851091
2095,0.878038699815385
2096,0.895524772067845
2097,0.888817222744742
2098,0.851550758460262
2099,0.884232015536398
2100,0.86444251121708
2101,0.885601674192003
2102,0.881357430145722
2103,0.896983245926532
2104,0.869166624400012
2105,0.880525753057022
2106,0.855276125302613
2107,0.88823201439815
2108,0.859767237250208
2109,0.871075627179489
2110,0.884270371025653
2111,0.860099032273689
2112,0.905840524239437
2113,0.86488923572113
2114,0.900097615706422
2115,0.894891732854597
2116,0.922745714195964
2117,0.881838147589387
2118,0.876690315738676
2119,0.885627468147906
2120,0.826554264421257
2121,0.938962941540538
2122,0.917258042896227
2123,0.881348671537245
2124,0.899138734860677
2125,0.897896346862066
2126,0.892750412081442
2127,0.872544169693919
2128,0.84254704430401
2129,0.853696825700735
2130,0.8201146398132
2131,0.853735844765013
2132,0.838655399864281
2133,0.822654484808869
2134,0.876755881771055
2135,0.865369776939361
2136,0.863293654954263
2137,0.896568011616835
2138,0.909595149430489
2139,0.911943276912811
2140,0.892172220047292
2141,0.877126166216878
2142,0.891168916974569
2143,0.831064275151822
2144,0.870607970476635
2145,0.852137573061667
2146,0.880712989867743
2147,0.909577490686928
2148,0.859691368502574
2149,0.91155870146237
2150,0.890634397118401
2151,0.874980109064341
2152,0.879779136056956
2153,0.869962748595227
2154,0.907815488525817
2155,0.915707906026467
2156,0.90514050657903
2157,0.901134536450547
2158,0.858311970512076
2159,0.85891940685135
2160,0.86587478831721
2161,0.8627414942055
2162,0.895598001047193
2163,0.880999232946423
2164,0.866089319105015
2165,0.84835120979086
2166,0.860116851642114
2167,0.894374589643924
2168,0.862147656666
2169,0.866278186818307
2170,0.90089901899595
2171,0.851701837156394
2172,0.887647028619352
2173,0.87552490619852
2174,0.883499967619825
2175,0.866895012430899
2176,0.906182530575794
2177,0.898557865760621
2178,0.858802760183196
2179,0.918922570213306
2180,0.90371282785219
2181,0.891883542648251
2182,0.901125281981202
2183,0.879814599827142
2184,0.904396939779456
2185,0.860880779009744
2186,0.891447749980737
2187,0.894654280803317
2188,0.941187074161005
2189,0.909237406668697
2190,0.892302229425983
2191,0.873514841756095
2192,0.86389499574729
2193,0.914331656726702
2194,0.849825459484885
2195,0.850826738017016
2196,0.888979944971116
2197,0.879359346540157
2198,0.881817754018548
2199,0.870532457984919
2200,0.827915284971609
2201,0.891054600013654
2202,0.844220337890838
2203,0.911547859104482
2204,0.87396981106038
2205,0.869518185948467
2206,0.892948798121347
2207,0.871014811132976
2208,0.837632159066103
2209,0.860138956395334
2210,0.882809484872413
2211,0.868858013089135
2212,0.912583231894055
2213,0.892242963473199
2214,0.893020452693904
2215,0.89039465266056
2216,0.916933202541652
2217,0.901685173211092
2218,0.888718314881278
2219,0.848671661566429
2220,0.876533668470716
2221,0.877926276729956
2222,0.856297952833954
2223,0.859092700976224
2224,0.875614950444927
2225,0.877359403245222
2226,0.866948298005323
2227,0.920532714102437
2228,0.92083529900003
2229,0.83996477679251
2230,0.857966326639167
2231,0.895173985700865
2232,0.881268501921709
2233,0.844654121873404
2234,0.904940395975219
2235,0.8817973902038
2236,0.884127266846879
2237,0.907370944846686
2238,0.868457881566884
2239,0.873806313805032
2240,0.886730188002103
2241,0.856069860506168
2242,0.867114155250597
2243,0.864272469044581
2244,0.885807597090478
2245,0.896954151564994
2246,0.886909503098509
2247,0.882865948555377
2248,0.856897037777738
2249,0.878116136925095
2250,0.85436901045507
2251,0.863342264398623
2252,0.857379470152555
2253,0.901497951414702
2254,0.895364593961739
2255,0.856553466822181
2256,0.876136516506845
2257,0.884345312670396
2258,0.91606471504881
2259,0.89192511718739
2260,0.877242393266953
2261,0.875552261049418
2262,0.855145976739468
2263,0.898117798541677
2264,0.876561367253068
2265,0.898961684960653
2266,0.887855349756149
2267,0.900738735949449
2268,0.880624155887673
2269,0.886314826971111
2270,0.83642311309322
2271,0.896464916264223
2272,0.869691220003048
2273,0.819787134336046
2274,0.861748309451438
2275,0.855809381033572
2276,0.831899943477407
2277,0.893249929587515
2278,0.896199422850397
2279,0.889759256150723
2280,0.857922797616623
2281,0.861305506330571
2282,0.83963518002579
2283,0.853171693512222
2284,0.853731647065966
2285,0.880412767161604
2286,0.914572211724772
2287,0.902996691989454
2288,0.918710690237252
2289,0.873904212261
2290,0.893632675245162
2291,0.901441334172652
2292,0.91777917440515
2293,0.912727851937459
2294,0.867349418024229
2295,0.85867964220226
2296,0.900939603614092
2297,0.881169070472751
2298,0.844082090017839
2299,0.865081524582239
2300,0.900216544029274
2301,0.886922480473535
2302,0.881292861712597
2303,0.915225332652241
2304,0.827880469193613
2305,0.886881069660294
2306,0.871656686052551
2307,0.880065832314191
2308,0.874455429746794
2309,0.905444020017666
2310,0.899205393238797
2311,0.900584887756516
2312,0.888996011818463
2313,0.88040322552918
2314,0.902126311344571
2315,0.909882864769392
2316,0.88523776620943
2317,0.893957502559607
2318,0.892178746850131
2319,0.901792122824548
2320,0.890294567009036
2321,0.886260086682282
2322,0.882971860841073
2323,0.907961365661078
2324,0.955533872322569
2325,0.91650413923821
2326,0.896039167236667
2327,0.88784306305567
2328,0.848865735360197
2329,0.869841777382127
2330,0.881257920959013
2331,0.905331344780497
2332,0.845142502563189
2333,0.878051338460497
2334,0.901229211067835
2335,0.905016931578695
2336,0.823835085004919
2337,0.920693591964083
2338,0.903308709398769
2339,0.882419327057674
2340,0.880040026532253
2341,0.900637126388807
2342,0.887531271882611
2343,0.86058112884542
2344,0.873797373035646
2345,0.894718462177502
2346,0.867276423931768
2347,0.864259997482532
2348,0.869583816921888
2349,0.87725810771142
2350,0.87199418191346
2351,0.836921696784927
2352,0.812415176494871
2353,0.851836118715109
2354,0.87507855516491
2355,0.857436442918012
2356,0.828098103269898
2357,0.882284911651626
2358,0.887490274519032
2359,0.901754835262055
2360,0.900232333579969
2361,0.882477859790792
2362,0.885477299176232
2363,0.938830594070927
2364,0.87599671518716
2365,0.909337149196387
2366,0.856799807427146
2367,0.931224489450623
2368,0.935030005564936
2369,0.902652707097063
2370,0.885229943622841
2371,0.860794596069252
2372,0.913702449387733
2373,0.882000767522385
2374,0.901501079605317
2375,0.868741415702266
2376,0.846492918140778
2377,0.89514951720951
2378,0.87181266732111
2379,0.892228329358868
2380,0.826663328873156
2381,0.859826875153994
2382,0.823639044570335
2383,0.869921317678878
2384,0.826097491985221
2385,0.868756070009508
2386,0.882154397873758
2387,0.895391020832347
2388,0.879194689674968
2389,0.895280201517354
2390,0.912417430690005
2391,0.919306349608418
2392,0.895929802662127
2393,0.899962241880031
2394,0.913297898861825
2395,0.902794217335911
2396,0.884947309228432
2397,0.88421890382909
2398,0.905030052398706
2399,0.862535254215605
2400,0.91163240844059
2401,0.827694034038504
2402,0.85971639613263
2403,0.871320551361581
2404,0.894672791133495
2405,0.877349014728384
2406,0.896204086466108
2407,0.910827701364162
2408,0.895915708944058
2409,0.898299470472047
2410,0.889575592913886
2411,0.897689847382648
2412,0.928310606651319
2413,0.907388405557247
2414,0.855963976380171
2415,0.879873352302128
2416,0.891251570601894
2417,0.900960279534437
2418,0.874020931541268
2419,0.865242494471946
2420,0.896526945613764
2421,0.883774378313267
2422,0.90015466657364
2423,0.862744887544964
2424,0.906726095475339
2425,0.892215094350534
2426,0.866053924917188
2427,0.862827406551038
2428,0.867947689393582
2429,0.92796830025809
2430,0.909026441381746
2431,0.803802547239313
2432,0.854068788954415
2433,0.872989034957843
2434,0.935087557774517
2435,0.833397955684678
2436,0.897265084562897
2437,0.879486665573801
2438,0.867904124843697
2439,0.886581015205552
2440,0.888233629264898
2441,0.902608449282308
2442,0.858442118807962
2443,0.876438209461648
2444,0.894949615977793
2445,0.839308432052095
2446,0.849204359008249
2447,0.847241418307513
2448,0.891150293199917
2449,0.893397043363866
2450,0.898465132416709
2451,0.927802376796795
2452,0.895491527010015
2453,0.874624841519139
2454,0.873131749036427
2455,0.900232620150119
2456,0.870356140622684
2457,0.887125280781493
2458,0.875493780144021
2459,0.875295895215671
2460,0.881858335272191
2461,0.887023286773908
2462,0.863349057053653
2463,0.886438538069933
2464,0.855121532501229
2465,0.91052332218452
2466,0.851282314947377
2467,0.887774674756196
2468,0.835477366534612
2469,0.862137417702479
2470,0.853404585439377
2471,0.85126396005464
2472,0.88433056656662
2473,0.812127613240019
2474,0.890358974115951
2475,0.881417734211844
2476,0.885283342323173
2477,0.866807105607494
2478,0.855108901569041
2479,0.860674384678031
2480,0.886842063917427
2481,0.887531528424414
2482,0.878884759336994
2483,0.86778493262655
2484,0.871653424435469
2485,0.888003089398535
2486,0.904222142448712
2487,0.87431154341195
2488,0.845751386887919
2489,0.864547043218862
2490,0.852464031690482
2491,0.85899858169847
2492,0.857351702492617
2493,0.868993860880756
2494,0.863605620552365
2495,0.869086821272093
2496,0.877185239174975
2497,0.869998983628101
2498,0.898574770198866
2499,0.85516307026325
2500,0.886396698309842
2501,0.909192432398282
2502,0.882468888455049
2503,0.880019122926837
2504,0.878997253129264
2505,0.863446079852763
2506,0.908788702979262
2507,0.916053435667309
2508,0.886549320371853
2509,0.901977839665447
2510,0.872715479835966
2511,0.913526284404609
2512,0.904190612663283
2513,0.909714093698659
2514,0.882611782613986
2515,0.88975867323444
2516,0.873152531085483
2517,0.90534607457876
2518,0.88920242063873
2519,0.869750070686748
2520,0.858390118853259
2521,0.849005734797685
2522,0.880275162331442
2523,0.879100956928796
2524,0.893261988823441
2525,0.830679322540715
2526,0.860796905687573
2527,0.895564106130515
2528,0.8955343512926
2529,0.874491198897856
2530,0.876873462390975
2531,0.897118101612276
2532,0.864952250105823
2533,0.874489002679519
2534,0.896007211670634
2535,0.929485965435698
2536,0.882959634586253
2537,0.874459764210953
2538,0.866820634604906
2539,0.924898011254873
2540,0.886111551026948
2541,0.89002974085889
2542,0.879456979705664
2543,0.843118097214786
2544,0.895022070056209
2545,0.838871992886745
2546,0.934646617579037
2547,0.927678420779459
2548,0.931070545534116
2549,0.908898105050454
2550,0.888367819085004
2551,0.919557810707325
2552,0.900631197364804
2553,0.885782231137304
2554,0.901365643705192
2555,0.90694168950948
2556,0.87233278536802
2557,0.905991733122124
2558,0.86098817904029
2559,0.904186910091458
2560,0.886105145786799
2561,0.870324916297952
2562,0.857851428060735
2563,0.839920310234994
2564,0.873332517299642
2565,0.890202385076608
2566,0.865796244380906
2567,0.897968553371973
2568,0.826386266887199
2569,0.85996525934389
2570,0.886244517791848
2571,0.918024960528314
2572,0.921167668281743
2573,0.9176957853657
2574,0.916838634521927
2575,0.950464500716754
2576,0.923784227706504
2577,0.857453454368293
2578,0.910036239298024
2579,0.906866882838247
2580,0.905486021436237
2581,0.891625176221138
2582,0.918468515641648
2583,0.884781066954572
2584,0.900531280977905
2585,0.84710985917616
2586,0.860894384701487
2587,0.884304110392209
2588,0.881799040605494
2589,0.825807355588789
2590,0.854094114185604
2591,0.844649378654858
2592,0.828614291837842
2593,0.838670688263914
2594,0.873670673001374
2595,0.847593558639407
2596,0.868395249166169
2597,0.916752200989027
2598,0.902464604109036
2599,0.931868219708788
2600,0.929875668673237
2601,0.936560858088743
2602,0.896321887778313
2603,0.898554828585503
2604,0.874580946039395
2605,0.848591619787568
2606,0.885963473258173
2607,0.879487313502537
2608,0.885867838108619
2609,0.85414488060289
2610,0.849906477823428
2611,0.89079777718063
2612,0.911755938320936
2613,0.869204231083045
2614,0.859697451009075
2615,0.859039508631409
2616,0.87721191556538
2617,0.88057821498315
2618,0.872880442007628
2619,0.889991811764895
2620,0.893230647857419
2621,0.855313101326657
2622,0.902974139547971
2623,0.892261180195916
2624,0.842606360771582
2625,0.863914200832615
2626,0.85835048699846
2627,0.858196337802399
2628,0.869701735060802
2629,0.875813857719847
2630,0.909497471602684
2631,0.902708053350552
2632,0.884175521808937
2633,0.887554461892848
2634,0.88111155748506
2635,0.897635905447722
2636,0.908665660723252
2637,0.905185706144542
2638,0.927271875070824
2639,0.909797612289322
2640,0.910392301713187
2641,0.89746275959625
2642,0.909808699087306
2643,0.884126381397043
2644,0.888661527772428
2645,0.869819287153659
2646,0.855602544803371
2647,0.858272476546127
2648,0.896500129875627
2649,0.880309648803974
2650,0.885816872083448
2651,0.917347322015239
2652,0.916906980812763
2653,0.897693675082342
2654,0.876175504123626
2655,0.88205658232708
2656,0.865968924678602
2657,0.874148160597122
2658,0.871786858963174
2659,0.897732745126274
2660,0.911925255362391
2661,0.847427561698498
2662,0.86546740275453
2663,0.896000609763965
2664,0.872087226646744
2665,0.873487670786183
2666,0.886513415699642
2667,0.853817478102322
2668,0.896602208075386
2669,0.891073131556069
2670,0.846493809305442
2671,0.913158734420669
2672,0.868304665884732
2673,0.831563353842508
2674,0.832493508383117
2675,0.882756204192718
2676,0.858800634899395
2677,0.919172622576974
2678,0.856146365314043
2679,0.849523863752428
2680,0.838074704533595
2681,0.801670942951178
2682,0.882300677984916
2683,0.877760935354991
2684,0.83229506012929
2685,0.837154385516603
2686,0.840211102280049
2687,0.892493285300796
2688,0.913096483925496
2689,0.925128248543316
2690,0.917033905128977
2691,0.903639632009277
2692,0.906450584634559
2693,0.887704503479435
2694,0.918393567739945
2695,0.907936885005785
2696,0.90951110547198
2697,0.937598419974619
2698,0.955140629851889
2699,0.833057062376395
2700,0.857837479491995
2701,0.883274445213059
2702,0.857865878981439
2703,0.894631736766282
2704,0.870841195652909
2705,0.907328580731384
2706,0.893605578371805
2707,0.919404683961856
2708,0.927307714173066
2709,0.907343066669063
2710,0.87798422601831
2711,0.866817346987051
2712,0.901774337158574
2713,0.873031899351996
2714,0.876612791758045
2715,0.892983243031496
2716,0.874791949908449
2717,0.901506507686319
2718,0.909489767746855
2719,0.902113216871789
2720,0.903635665850145
2721,0.848797162382421
2722,0.856219198485838
2723,0.856345619152018
2724,0.834143244758781
2725,0.87467619178102
2726,0.893525118330698
2727,0.884989203640171
2728,0.888066925365858
2729,0.909534368155217
2730,0.906806622727858
2731,0.827253310537851
2732,0.876570668684957
2733,0.868849676713289
2734,0.846360039392988
2735,0.8775191900084
2736,0.868266660054763
2737,0.87239753543865
2738,0.879336819780216
2739,0.857625293011973
2740,0.887695662872578
2741,0.883102157311157
2742,0.869281970623835
2743,0.894373337608657
2744,0.861097385834693
2745,0.886874281756374
2746,0.869771963483282
2747,0.910744342198532
2748,0.888479070607936
2749,0.895291075084573
2750,0.917514860893233
2751,0.86850793880686
2752,0.913053925006927
2753,0.878544040947465
2754,0.833681124198831
2755,0.834962895055312
2756,0.823311430201414
2757,0.848939886984251
2758,0.850028556881006
2759,0.884025947139338
2760,0.886341546970092
2761,0.888937777983389
2762,0.845986185662935
2763,0.782017404912551
2764,0.915186377837351
2765,0.853868442371058
2766,0.926870496143675
2767,0.888151146424924
2768,0.86334167157425
2769,0.892432007967905
2770,0.930658684943613
2771,0.897796594047378
2772,0.936920175148259
2773,0.871439260730571
2774,0.886160943286966
2775,0.898295555558833
2776,0.874414196900819
2777,0.916155958874143
2778,0.90478633440789
2779,0.896797651848921
2780,0.862338652776241
2781,0.880366685771953
2782,0.90407667555034
2783,0.913535622879848
2784,0.853920905937466
2785,0.903305319157285
2786,0.88135415314399
2787,0.918463046857584
2788,0.913844146001303
2789,0.898492157384052
2790,0.896871971753858
2791,0.923831897311979
2792,0.894075232341758
2793,0.909210053214962
2794,0.864076637602489
2795,0.848544965254451
2796,0.876678747696834
2797,0.902364704189157
2798,0.921605785472484
2799,0.909384164608967
2800,0.915805244766733
2801,0.891822778491528
2802,0.881813141552459
2803,0.883132599208643
2804,0.880638736506053
2805,0.873702043455062
2806,0.89945399514685
2807,0.858663705496184
2808,0.869111293766169
2809,0.857022573856423
2810,0.868094390279701
2811,0.885658537016036
2812,0.855919919190289
2813,0.872870165904871
2814,0.914330486703666
2815,0.906257383620042
2816,0.915480523149357
2817,0.921271660733959
2818,0.908014615336849
2819,0.880489650404645
2820,0.858642851707104
2821,0.849940627631122
2822,0.839632203788172
2823,0.848491914676123
2824,0.870603891086919
2825,0.885539297339363
2826,0.874323070258886
2827,0.893738870515579
2828,0.869682838607738
2829,0.88539461688711
2830,0.85755399100892
2831,0.891847237637901
2832,0.87739504410063
2833,0.873082301689218
2834,0.83546976100489
2835,0.846869452729672
2836,0.883240269233073
2837,0.879600507104094
2838,0.797761848008949
2839,0.891827316320553
2840,0.902452699617035
2841,0.91230156575026
2842,0.902028255704196
2843,0.91808203927803
2844,0.871556374614551
2845,0.866563969258373
2846,0.845143259473104
2847,0.864433724221201
2848,0.861508020071506
2849,0.913268305471195
2850,0.895773967599443
2851,0.899851400385269
2852,0.833530160930952
2853,0.859450969917234
2854,0.862270416888079
2855,0.897839203552627
2856,0.852892935950123
2857,0.88132090897774
2858,0.871315382427786
2859,0.871863771073703
2860,0.881450775962069
2861,0.852798257469362
2862,0.851609122377861
2863,0.837284355510332
2864,0.820790204488723
2865,0.824196182714687
2866,0.845848584054835
2867,0.881271564076063
2868,0.855761912637974
2869,0.842220871833372
2870,0.859393874195017
2871,0.862887971705334
2872,0.902492162251186
2873,0.902557473763449
2874,0.855784991180118
2875,0.880318929508855
2876,0.854316013284167
2877,0.854498997510135
2878,0.855116084273515
2879,0.859601896205629
2880,0.8943488755816
2881,0.872104167616945
2882,0.899523234574485
2883,0.80012798383625
2884,0.900646008504635
2885,0.865773320343383
2886,0.890876393083966
2887,0.856663262681049
2888,0.900233026264877
2889,0.858551626753973
2890,0.884703019144448
2891,0.87858391085363
2892,0.902258900519088
2893,0.892126472292695
2894,0.89632065590935
2895,0.849451741850189
2896,0.932899170274125
2897,0.856408490360639
2898,0.87495541573279
2899,0.915617630905621
2900,0.863639039517038
2901,0.899563985871932
2902,0.895756546696976
2903,0.899658130714331
2904,0.876332431889847
2905,0.89108600274923
2906,0.882155480258177
2907,0.859506434967768
2908,0.867210512192956
2909,0.865803175041984
2910,0.846682311005788
2911,0.875183550963458
2912,0.881763860781727
2913,0.820366729867219
2914,0.865928487128181
2915,0.870434718450166
2916,0.88592666917629
2917,0.883971881265403
2918,0.894337890432342
2919,0.914987882054918
2920,0.908988760957855
2921,0.841873377474653
2922,0.902847421817308
2923,0.907238034843457
2924,0.896131805736596
2925,0.848709300868605
2926,0.893087999450885
2927,0.874126739054367
2928,0.906446665769752
2929,0.896984663556946
2930,0.905121568197641
2931,0.876727224402102
2932,0.886601185857816
2933,0.895523967327947
2934,0.891070143375103
2935,0.839648103495533
2936,0.914292980523553
2937,0.920266298538814
2938,0.891072391714885
2939,0.888065707956026
2940,0.902416260319778
2941,0.898234601285326
2942,0.871746111174593
2943,0.862190627508459
2944,0.88908962098895
2945,0.851035853659618
2946,0.86965399247942
2947,0.849361704457608
2948,0.886519736577466
2949,0.864659266602703
2950,0.901440316188629
2951,0.876078121227015
2952,0.824786306589263
2953,0.864829009821976
2954,0.860487906857501
2955,0.810146972514754
2956,0.790354481843015
2957,0.797567073668518
2958,0.81960179351295
2959,0.843019144868259
2960,0.8537381260871
2961,0.8964125341936
2962,0.86130365360794
2963,0.923745816760132
2964,0.888130098786506
2965,0.88923974253077
2966,0.884663756132425
2967,0.896357957123609
2968,0.871049706383804
2969,0.901877306794223
2970,0.87176592245573
2971,0.858637412345207
2972,0.87105997554697
2973,0.897162583855608
2974,0.865121466071133
2975,0.854739054929715
2976,0.833803253043388
2977,0.831360710279846
2978,0.798678750165412
2979,0.904558884444235
2980,0.890145319313754
2981,0.90881230173077
2982,0.87720915953855
2983,0.896143705452375
2984,0.883380169569306
2985,0.884518604799388
2986,0.881596989156658
2987,0.903955412661604
2988,0.888048552130736
2989,0.915360483244642
2990,0.848407085905087
2991,0.89056285442275
2992,0.898581644830176
2993,0.872362877259027
2994,0.872690552132528
2995,0.884801506439084
2996,0.841380597075562
2997,0.883466680098637
2998,0.860246753350908
2999,0.870694437061048
3000,0.913210813005858
3001,0.862759239114349
3002,0.908590534694639
3003,0.900420016279072
3004,0.891467367182414
3005,0.90156097899795
3006,0.897587124738831
3007,0.87306757586184
3008,0.893782512134458
3009,0.881381841857793
3010,0.895946486112166
3011,0.88466065292307
3012,0.898890355522627
3013,0.884542076337833
3014,0.84309070610484
3015,0.859276615121787
3016,0.824833581652206
3017,0.834708043366451
3018,0.825013618804151
3019,0.816933043136916
3020,0.885253764649574
3021,0.892283300048578
3022,0.894304384413643
3023,0.873012043588793
3024,0.912677078133842
3025,0.848073155834913
3026,0.875597392946009
3027,0.83920143167155
3028,0.832359931651604
3029,0.893971461367015
3030,0.875957336043633
3031,0.893410998943348
3032,0.893525120340753
3033,0.890381237226109
3034,0.88763385518775
3035,0.883324888947773
3036,0.892094801308726
3037,0.849123226507055
3038,0.859974150919126
3039,0.912158941699855
3040,0.915170774169473
3041,0.894011616251602
3042,0.891912223211416
3043,0.88561685942652
3044,0.882487375331059
3045,0.859130831480935
3046,0.863665586128034
3047,0.917670047113692
3048,0.87351628523813
3049,0.87299298074687
3050,0.877500533825876
3051,0.877888051194514
3052,0.860108109374843
3053,0.883355569646269
3054,0.824789267895164
3055,0.830181035676052
3056,0.890671476076288
3057,0.793015823675689
3058,0.887376074989807
3059,0.889522629379139
3060,0.87943227319376
3061,0.864445671976392
3062,0.835137831164099
3063,0.862556177122677
3064,0.840094883559027
3065,0.869788291367467
3066,0.84989822264979
3067,0.873204967289424
3068,0.838128025825971
3069,0.912173974008183
3070,0.924168188093155
3071,0.898832231713566
3072,0.890161876884036
3073,0.865424135980131
3074,0.818027712229469
3075,0.887588105824603
3076,0.849211945776967
3077,0.860497438972153
3078,0.850339849171934
3079,0.883164121683975
3080,0.885319282369653
3081,0.879758029785942
3082,0.89653919361981
3083,0.881767750979628
3084,0.88310280032036
3085,0.921953147318729
3086,0.88091979328815
3087,0.897714152048604
3088,0.871564080347028
3089,0.884490814712583
3090,0.901748226879246
3091,0.872917302391434
3092,0.863980416461981
3093,0.916214135456015
3094,0.905043152136083
3095,0.917123111250766
3096,0.857147198231233
3097,0.903558571158079
3098,0.916885828805851
3099,0.915423003916692
3100,0.872301715104841
3101,0.88651401055806
3102,0.876740220757197
3103,0.854150461699305
3104,0.890710369151666
3105,0.874438662317162
3106,0.836460842443631
3107,0.887549996837884
3108,0.88825206807321
3109,0.896231104852569
3110,0.870717950945988
3111,0.890876520279023
3112,0.860239293304668
3113,0.905110795857338
3114,0.847876379567672
3115,0.914821743184965
3116,0.813180715798579
3117,0.897627657020516
3118,0.85220269317031
3119,0.856386619020523
3120,0.84057882762366
3121,0.864502080333017
3122,0.860451278971081
3123,0.854721757050695
3124,0.863360613012323
3125,0.89688127461419
3126,0.843747442794823
3127,0.835281977838057
3128,0.842883778304593
3129,0.889137708675548
3130,0.84982404100473
3131,0.813663155571037
3132,0.815472260636956
3133,0.899522696948735
3134,0.879457005014669
3135,0.877818912932598
3136,0.900504839381372
3137,0.869097250453248
3138,0.906792085467676
3139,0.858166960231421
3140,0.890964116355382
3141,0.903736333630073
3142,0.833478142593324
3143,0.862829279920911
3144,0.834789485755288
3145,0.872982364821414
3146,0.830690287285734
3147,0.910597182055819
3148,0.847888025529134
3149,0.909284285974043
3150,0.864805955095313
3151,0.864693914830965
3152,0.865362480594506
3153,0.871711795279547
3154,0.903446774993852
3155,0.890445529870654
3156,0.915710892930172
3157,0.900348513543935
3158,0.902727138107736
3159,0.901476137463298
3160,0.915285521622733
3161,0.92797466859543
3162,0.865019675289005
3163,0.875004910765268
3164,0.9084135729449
3165,0.926852415267415
3166,0.89272214013511
3167,0.898642711035609
3168,0.918147025908676
3169,0.904356442457176
3170,0.907984672190095
3171,0.918325571709622
3172,0.874852838270362
3173,0.874138272902071
3174,0.849633454764238
3175,0.908409288916836
3176,0.88505632406814
3177,0.903292859345971
3178,0.909016056911075
3179,0.850741223918182
3180,0.834810584552374
3181,0.82125661686126
3182,0.861054059944016
3183,0.845034474134975
3184,0.874399547401318
3185,0.847833277418761
3186,0.870825707759962
3187,0.871047638367311
3188,0.859247344030638
3189,0.872025392177799
3190,0.875515965830782
3191,0.913690596252692
3192,0.878303686536292
3193,0.907660066188879
3194,0.876583311075036
3195,0.903092180665807
3196,0.910786701954332
3197,0.90864376733051
3198,0.876425646704424
3199,0.860700041853921
3200,0.927966977746568
3201,0.842359620121928
3202,0.893557233676708
3203,0.876719799792931
3204,0.92208264672498
3205,0.880827767830842
3206,0.839468481413034
3207,0.824657345987172
3208,0.869592163944618
3209,0.868702552937294
3210,0.907445755366138
3211,0.874241647652778
3212,0.90327124639299
3213,0.908269578437948
3214,0.817745733022263
3215,0.915198978816797
3216,0.898404210586131
3217,0.923001885706239
3218,0.865666229526882
3219,0.906623435872982
3220,0.839066990056679
3221,0.829653329054484
3222,0.893320327384038
3223,0.834762461866853
3224,0.938276350291686
3225,0.915989996258946
3226,0.846495753078676
3227,0.888242159524274
3228,0.873251860787899
3229,0.849904044256136
3230,0.88938864805678
3231,0.904664412133478
3232,0.879855037132727
3233,0.932521592620861
3234,0.925960852238433
3235,0.871710285132791
3236,0.868774746314602
3237,0.868056257308563
3238,0.914090416547338
3239,0.89409191951526
3240,0.878709459633412
3241,0.879828287185016
3242,0.823108393917424
3243,0.83180290561242
3244,0.827883167823089
3245,0.861719962917921
3246,0.861860025816804
3247,0.879728205851679
3248,0.841642990191667
3249,0.859976908049238
3250,0.867453933098482
3251,0.886923479417275
3252,0.882566843865113
3253,0.865888862828088
3254,0.90373504536598
3255,0.909951933140557
3256,0.900958681497849
3257,0.870452171548332
3258,0.851777874875553
3259,0.853983454126152
3260,0.843768267799482
3261,0.901972432658229
3262,0.893510332400229
3263,0.896752642754134
3264,0.883511235764331
3265,0.829807839698478
3266,0.898993266545193
3267,0.83275956386082
3268,0.910654408680107
3269,0.878372067420996
3270,0.932627242285549
3271,0.944872310417637
3272,0.902674696903193
3273,0.836138345625008
3274,0.890530306947778
3275,0.877746110653725
3276,0.897396429935647
3277,0.874702113801352
3278,0.912072775602484
3279,0.855012147867503
3280,0.883855709253763
3281,0.878405617305808
3282,0.853077014704991
3283,0.873972024462522
3284,0.872038776067635
3285,0.891352416612593
3286,0.891625386634221
3287,0.86738326265165
3288,0.883224556420394
3289,0.907834715099186
3290,0.895099433121856
3291,0.86742250853496
3292,0.886659889519002
3293,0.854007002215612
3294,0.851883271027793
3295,0.886726177795534
3296,0.833242837055264
3297,0.887226704399104
3298,0.877001024430253
3299,0.872922172231026
3300,0.927975765096412
3301,0.866443152232335
3302,0.869043086679914
3303,0.867862471907272
3304,0.886158986031632
3305,0.906368476344144
3306,0.866568553569972
3307,0.926462048153685
3308,0.896166044400249
3309,0.913807925329371
3310,0.886169610372283
3311,0.926907348326474
3312,0.885440702749502
3313,0.858729685169895
3314,0.813906298184776
3315,0.895413255096258
3316,0.853267255954914
3317,0.916602282523791
3318,0.915858197559873
3319,0.868415934957595
3320,0.87845132018614
3321,0.876989927588052
3322,0.909534486558167
3323,0.829092839590206
3324,0.886969559276711
3325,0.89336068518531
3326,0.925174840104481
3327,0.878765580041032
3328,0.842958287573983
3329,0.893746182214066
3330,0.834377566099265
3331,0.894846323283476
3332,0.892571847321291
3333,0.879301167847118
3334,0.84936653072295
3335,0.867665433622171
3336,0.916670136916616
3337,0.844185490115585
3338,0.874510434170382
3339,0.865254552209718
3340,0.818559302135213
3341,0.884265921466572
3342,0.828987912650767
3343,0.868498808272886
3344,0.861058954503035
3345,0.895588860273634
3346,0.903981637800022
3347,0.884176324202335
3348,0.887269322309576
3349,0.874247399826607
3350,0.893848822254287
3351,0.876957259600297
3352,0.866483170974987
3353,0.842321834707124
3354,0.806401173273461
3355,0.906119981684265
3356,0.896256694411977
3357,0.855916157693454
3358,0.893844782422331
3359,0.84965084791657
3360,0.867260912985271
3361,0.886964128857252
3362,0.86539077003849
3363,0.905565025048601
3364,0.900212836433491
3365,0.906220177884132
3366,0.911836830881968
3367,0.924275277563095
3368,0.912862729337597
3369,0.907886317554574
3370,0.916256308955653
3371,0.898813380667635
3372,0.898990196031941
3373,0.90120468725051
3374,0.886961107616334
3375,0.875839158965509
3376,0.896190488685493
3377,0.902863089262043
3378,0.879169182650845
3379,0.879157116809524
3380,0.876486585421246
3381,0.914556044883377
3382,0.897293701902735
3383,0.879114725720802
3384,0.862786891903418
3385,0.889911201204128
3386,0.884453124136585
3387,0.870898709917629
3388,0.905451872654513
3389,0.88172768238839
3390,0.869850119286226
3391,0.842587931890208
3392,0.864145081186111
3393,0.918381481884842
3394,0.888412081421847
3395,0.911378764230427
3396,0.866344300149801
3397,0.883244739791824
3398,0.819622253156921
3399,0.839740490820481
3400,0.816860128550515
3401,0.825481659309138
3402,0.835371156885744
3403,0.859244227255771
3404,0.951904885794973
3405,0.895835843483292
3406,0.909658166933067
3407,0.885618592002131
3408,0.883800328926792
3409,0.898177096651812
3410,0.896987225546677
3411,0.904137129852948
3412,0.927429834559316
3413,0.930693935420724
3414,0.84418410109432
3415,0.878163025633134
3416,0.875906415435456
3417,0.867109819422422
3418,0.863167085164745
3419,0.851055191906355
3420,0.946114294895987
3421,0.955371533090974
3422,0.880290097593758
3423,0.854433810134268
3424,0.945007694735826
3425,0.90073917066397
3426,0.88563048317068
3427,0.896434279828334
3428,0.91062933650792
3429,0.89924026340115
3430,0.891008586414368
3431,0.905215411918517
3432,0.85910529244867
3433,0.83228721738063
3434,0.847477102317275
3435,0.867892222736631
3436,0.86962087285118
3437,0.898540987150453
3438,0.870482038624309
3439,0.890091816700486
3440,0.884985153056198
3441,0.891325711676999
3442,0.859378811600325
3443,0.873661887408517
3444,0.892791486044515
3445,0.909362539670908
3446,0.898323412320188
3447,0.922002184186995
3448,0.89536369269023
3449,0.857963988178132
3450,0.837789605556215
3451,0.870621151934323
3452,0.83958462763577
3453,0.868726723290534
3454,0.811404814052023
3455,0.87406645343073
3456,0.868017149936619
3457,0.880408625434931
3458,0.826944485008418
3459,0.810470937234486
3460,0.82190183170074
3461,0.901189662734285
3462,0.792711843176982
3463,0.775801107461017
3464,0.919831426001262
3465,0.901758460049898
3466,0.897402409432684
3467,0.840882533515675
3468,0.904368747171319
3469,0.881673010706186
3470,0.89878557471094
3471,0.88664176538316
3472,0.914087913682606
3473,0.868203844488531
3474,0.85988573785047
3475,0.895483333847973
3476,0.8761799824197
3477,0.895441936380185
3478,0.902972325030172
3479,0.891595197961757
3480,0.905144463363805
3481,0.90031829417551
3482,0.887082341253093
3483,0.90211834236137
3484,0.880546664742782
3485,0.883253629454783
3486,0.904564095243377
3487,0.912012625461361
3488,0.881996199338416
3489,0.909068845594511
3490,0.890581717122007
3491,0.912478754402854
3492,0.933492566616296
3493,0.841773689459604
3494,0.833054547976334
3495,0.886540636162373
3496,0.867091621986537
3497,0.894893977988113
3498,0.868696253137348
3499,0.891767165390494
3500,0.870112632996494
3501,0.848364315610979
3502,0.829636001505356
3503,0.824128770457524
3504,0.842791376257648
3505,0.850419334094984
3506,0.878568278912416
3507,0.814603037319849
3508,0.804227394703734
3509,0.864781620977818
3510,0.770708881972803
3511,0.784315826033875
3512,0.812907204423582
3513,0.85966162829774
3514,0.873704351342869
3515,0.823032265391525
3516,0.867170918498004
3517,0.897942263511273
3518,0.886792688903321
3519,0.885856742174815
3520,0.878353153014738
3521,0.848308368855013
3522,0.854490595618202
3523,0.857814949328942
3524,0.858792388708817
3525,0.861355483518121
3526,0.892731988224521
3527,0.894207375592661
3528,0.88088669335544
3529,0.866982063190945
3530,0.87907390284524
3531,0.89100639986433
3532,0.864734231897832
3533,0.885708133871324
3534,0.874498289808658
3535,0.825147200774859
3536,0.8464875140436
3537,0.876435779082541
3538,0.865253058276723
3539,0.904176169633328
3540,0.862728417079665
3541,0.9108384268516
3542,0.880140135835653
3543,0.906561385241679
3544,0.875076725501814
3545,0.850314455651252
3546,0.856678569002955
3547,0.847701454296457
3548,0.86450933378487
3549,0.83372963918095
3550,0.879162910261558
3551,0.863643696617034
3552,0.88887892388926
3553,0.931178219036592
3554,0.926930641499948
3555,0.881013166890488
3556,0.89262118347381
3557,0.89570651677449
3558,0.871369312882825
3559,0.882811233630218
3560,0.876628094718447
3561,0.935893561141964
3562,0.878789085155112
3563,0.890946953802736
3564,0.859864326796386
3565,0.881971238971752
3566,0.883423893772551
3567,0.893533336331644
3568,0.820217692591464
3569,0.86899514045564
3570,0.903440534486379
3571,0.941566553474207
3572,0.833788301753018
3573,0.911840197920517
3574,0.816423467035499
3575,0.905469956563745
3576,0.876385406514906
3577,0.865529689233873
3578,0.860920833891589
3579,0.8810540911632
3580,0.90066475609602
3581,0.887775932446474
3582,0.876059686600946
3583,0.877334292188377
3584,0.866842690335313
3585,0.860837306028071
3586,0.858653572048064
3587,0.846646987748621
3588,0.853177036684036
3589,0.82025682075921
3590,0.908856460958017
3591,0.895176442043815
3592,0.885498879412087
3593,0.863794043573956
3594,0.92227387266208
3595,0.815120508148671
3596,0.856207193996833
3597,0.843526798682611
3598,0.859649976000544
3599,0.875895406886202
3600,0.851316881130804
3601,0.880179061354895
3602,0.795301237060983
3603,0.898397077579852
3604,0.865481054679674
3605,0.898377248606175
3606,0.860826095063389
3607,0.88106101466947
3608,0.837137605091705
3609,0.841904080822797
3610,0.901377079253583
3611,0.878036522269671
3612,0.927888665478456
3613,0.909170469976075
3614,0.883488980569923
3615,0.893215318177702
3616,0.91653292759462
3617,0.844828727220711
3618,0.893125895899975
3619,0.899371652764281
3620,0.906613204987535
3621,0.860819110854535
3622,0.858173604616968
3623,0.86636668336879
3624,0.820566302092058
3625,0.833965963252222
3626,0.879052194863903
3627,0.881886783871461
3628,0.911206414471226
3629,0.855866005548563
3630,0.882741844962221
3631,0.874873762798659
3632,0.8914724606361
3633,0.880222340395274
3634,0.843767620503462
3635,0.885955591271037
3636,0.867482934836635
3637,0.822994818132169
3638,0.839259723516603
3639,0.859480981213087
3640,0.857003947367597
3641,0.827602482844461
3642,0.842285667365198
3643,0.813378905453822
3644,0.855864366887619
3645,0.858280375497367
3646,0.836786450573995
3647,0.843452765609197
3648,0.84219321879301
3649,0.87439147534994
3650,0.867676642725273
3651,0.854090637246921
3652,0.924927725060154
3653,0.900676971801871
3654,0.916872145012973
3655,0.914682377407968
3656,0.902131818849086
3657,0.870320792464782
3658,0.87346496972887
3659,0.869756594199086
3660,0.890862188150301
3661,0.874084972029064
3662,0.906082608463234
3663,0.900165038278246
3664,0.853414204349522
3665,0.919207159991283
3666,0.917914191547369
3667,0.906961172685398
3668,0.873936843875127
3669,0.823142839673157
3670,0.853914991351593
3671,0.87317346740001
3672,0.855684478367264
3673,0.825125790173463
3674,0.822341495617908
3675,0.887152189078824
3676,0.871137513426548
3677,0.847369352462975
3678,0.900325710730062
3679,0.814403089824239
3680,0.873825056045113
3681,0.837859251744999
3682,0.90395773337333
3683,0.857712137465426
3684,0.889181966779612
3685,0.936105012795286
3686,0.916034024545592
3687,0.94386773807982
3688,0.887544772748788
3689,0.883516724527536
3690,0.908617427385303
3691,0.884576014606101
3692,0.914040173851577
3693,0.875985417777385
3694,0.919256232209429
3695,0.867840958392462
3696,0.896217265643959
3697,0.867444475890429
3698,0.924469521759956
3699,0.90091002959161
3700,0.928121648995683
3701,0.930251054196885
3702,0.889403219814177
3703,0.861151757775401
3704,0.825815318586832
3705,0.869277848470939
3706,0.856885539624037
3707,0.862637056924927
3708,0.841471539358563
3709,0.905992708532007
3710,0.870848426200376
3711,0.899454540913582
3712,0.865535041189015
3713,0.884095255801621
3714,0.860855913635808
3715,0.803268056965565
3716,0.9077473807011
3717,0.874875384007608
3718,0.906246259787241
3719,0.893005601496099
3720,0.87202123342074
3721,0.923218661283481
3722,0.85500523518994
3723,0.868243812175308
3724,0.911414344397719
3725,0.870384549263329
3726,0.916139638960311
3727,0.913640261306854
3728,0.898765624993162
3729,0.883779826587487
3730,0.884724608608562
3731,0.898764900756193
3732,0.900129008711141
3733,0.90060153654452
3734,0.85449622364712
3735,0.859155724674899
3736,0.902750963336772
3737,0.860551301204564
3738,0.911225748167278
3739,0.896584866338135
3740,0.885071142762001
3741,0.902792331101098
3742,0.869690076863219
3743,0.879770527489533
3744,0.88318647414949
3745,0.878621332833565
3746,0.886026789594838
3747,0.877683911627936
3748,0.896723098914984
3749,0.847762207197216
3750,0.865712681643461
3751,0.877528708710819
3752,0.897232535548423
3753,0.887898910949475
3754,0.904944592991667
3755,0.879007288270976
3756,0.916603714693696
3757,0.898549068181758
3758,0.904568787120096
3759,0.855749162142455
3760,0.839855345973748
3761,0.818960689754459
3762,0.846582367265982
3763,0.879825448420413
3764,0.880500145206146
3765,0.868837020304976
3766,0.910272488334824
3767,0.908871674966897
3768,0.897719571418113
3769,0.906272939007211
3770,0.860414047373914
3771,0.861900236145533
3772,0.923566703753694
3773,0.914132980162549
3774,0.861775471957597
3775,0.867402898700747
3776,0.905355678035386
3777,0.862280456573497
3778,0.854043685654865
3779,0.859360402585237
3780,0.878834662303598
3781,0.845825667440682
3782,0.847554257198932
3783,0.872410062360507
3784,0.881305068044355
3785,0.906021846628551
3786,0.857230872622482
3787,0.884905217385665
3788,0.833517570494585
3789,0.883028798968534
3790,0.848342605446171
3791,0.871733097672306
3792,0.888017473167367
3793,0.889470487070471
3794,0.893991445703085
3795,0.892797842713155
3796,0.911170821853025
3797,0.889053970130553
3798,0.900205421409892
3799,0.926763757554178
3800,0.89485639695255
3801,0.900640250054999
3802,0.883318016926651
3803,0.874515341144853
3804,0.817721898066048
3805,0.904163451169797
3806,0.845346140751319
3807,0.934675943756736
3808,0.858612601143387
3809,0.924692583204205
3810,0.823139376374688
3811,0.853022125903842
3812,0.859629614132605
3813,0.849353209453216
3814,0.83555499292338
3815,0.843687557680867
3816,0.876270869245577
3817,0.877972695030436
3818,0.878825883650353
3819,0.870704030632304
3820,0.838919207194469
3821,0.851148722313525
3822,0.850641109341785
3823,0.793750413203625
3824,0.85941198598532
3825,0.822885563908132
3826,0.894577265644552
3827,0.872761880093356
3828,0.879917934431318
3829,0.847089402190146
3830,0.875146667137927
3831,0.775129839943549
3832,0.831256304575196
3833,0.88779919053196
3834,0.888185498347595
3835,0.925274474932109
3836,0.888170169043792
3837,0.863508514305912
3838,0.856385705726621
3839,0.878892108149672
3840,0.893623271040352
3841,0.853084924823758
3842,0.926994143184922
3843,0.898527821014553
3844,0.924409593816344
3845,0.869488899469971
3846,0.845718013194505
3847,0.853123806404138
3848,0.839770065397171
3849,0.843084571666345
3850,0.833606276163735
3851,0.841875546535243
3852,0.818879708173083
3853,0.815679429382338
3854,0.867435507728441
3855,0.848409669371251
3856,0.849729500979237
3857,0.882095104076596
3858,0.862450128916289
3859,0.841342372773317
3860,0.905867437295986
3861,0.881991515511687
3862,0.911709313015896
3863,0.884443006347167
3864,0.871680360005875
3865,0.847361076433636
3866,0.896222800740791
3867,0.898629085586783
3868,0.870466764115968
3869,0.85607856285291
3870,0.896929505932084
3871,0.884064360896107
3872,0.892114386086502
3873,0.933711569261547
3874,0.889049628674822
3875,0.896001758837578
3876,0.903436333333556
3877,0.905525373704363
3878,0.881529757190747
3879,0.882464466357363
3880,0.889072549283293
3881,0.860831501734459
3882,0.904911639016741
3883,0.848116539421526
3884,0.870460088509167
3885,0.895031263760049
3886,0.848378617380112
3887,0.882629816252636
3888,0.868120350877803
3889,0.89344909798934
3890,0.870045229716375
3891,0.864657513123876
3892,0.903982202627173
3893,0.875976949815251
3894,0.890242853373431
3895,0.913064677797902
3896,0.913011228471753
3897,0.904965710358004
3898,0.899258707602852
3899,0.830355130447925
3900,0.872036587953018
3901,0.878353585985763
3902,0.886261458024315
3903,0.876272283304715
3904,0.923400498194711
3905,0.842975663321283
3906,0.863977629599033
3907,0.847244146011524
3908,0.894185379200104
3909,0.894321935191317
3910,0.912750036331754
3911,0.903487929769927
3912,0.92849090728963
3913,0.933174971304024
3914,0.925092349377008
3915,0.826310815596845
3916,0.860358169346594
3917,0.872696529866261
3918,0.856292700071197
3919,0.888017114753896
3920,0.861927708279579
3921,0.830976091913185
3922,0.836307199507601
3923,0.868388305422038
3924,0.848918958622421
3925,0.894560201414954
3926,0.901951956481633
3927,0.86370954172642
3928,0.86018064645294
3929,0.903006100899351
3930,0.878819136255356
3931,0.89717435108614
3932,0.880344750687923
3933,0.903937927060378
3934,0.896091997364381
3935,0.870678517697181
3936,0.867321891884341
3937,0.845590558212892
3938,0.898873797481182
3939,0.895177431481388
3940,0.895040174966532
3941,0.896256261695808
3942,0.93108607477209
3943,0.915235277848465
3944,0.905485541424047
3945,0.900355304397967
3946,0.916537467227727
3947,0.937073509745101
3948,0.858834151699448
3949,0.898801080431006
3950,0.894077984153345
3951,0.892727309008593
3952,0.907499326746076
3953,0.904972866100995
3954,0.895482610339229
3955,0.848448090097244
3956,0.85911435965624
3957,0.890864917303362
3958,0.883882058435628
3959,0.858780144169717
3960,0.85972202766127
3961,0.857664190999628
3962,0.862452392849536
3963,0.872600983773578
3964,0.862246938299428
3965,0.887829690819913
3966,0.862901043565205
3967,0.891123160097718
3968,0.837373747270365
3969,0.843913145260174
3970,0.826021913807228
3971,0.881251774982093
3972,0.854629192798045
3973,0.856814911788653
3974,0.861718615134034
3975,0.904689129824996
3976,0.902084013737579
3977,0.841906457058717
3978,0.843130973587623
3979,0.871082684681765
3980,0.863728076972228
3981,0.847929175716021
3982,0.894224028347912
3983,0.847279260773155
3984,0.898519874486483
3985,0.864800103245714
3986,0.868181689180853
3987,0.904565902352697
3988,0.881768966314965
3989,0.862466288881624
3990,0.84272015667634
3991,0.912483356193361
3992,0.912937788382224
3993,0.880694725571227
3994,0.901898670558271
3995,0.90701054320774
3996,0.925303586965895
3997,0.916581801145735
3998,0.923834669554993
3999,0.915026881947299
4000,0.905990049627964
4001,0.873483788594434
4002,0.886151824788625
4003,0.886128316427528
4004,0.918203325086989
4005,0.916162984104639
4006,0.89874590370534
4007,0.882401008148841
4008,0.924682009548981
4009,0.941907300760236
4010,0.879326752913807
4011,0.918799495101485
4012,0.904257873437556
4013,0.879309553346612
4014,0.868683509517048
4015,0.885422706599336
4016,0.838709642018473
4017,0.927579372024047
4018,0.906208625654182
4019,0.795065534371108
4020,0.845060742809074
4021,0.896446099483515
4022,0.859370652783987
4023,0.887046098155074
4024,0.918249244174498
4025,0.893770136904707
4026,0.90825336677962
4027,0.83296441502579
4028,0.819275582177714
4029,0.855550374240538
4030,0.870541677602563
4031,0.854416609806209
4032,0.878426806038248
4033,0.873334927932585
4034,0.893947673658544
4035,0.848564873956591
4036,0.887841714790581
4037,0.895065853293034
4038,0.885654804564847
4039,0.847885583647049
4040,0.851294039940766
4041,0.823607983453004
4042,0.823289100368202
4043,0.857436378449032
4044,0.883606936064536
4045,0.859392340112194
4046,0.891877167917973
4047,0.877263963481227
4048,0.869464096302927
4049,0.855765109036355
4050,0.868164235537867
4051,0.867379020508862
4052,0.890579070989034
4053,0.872667350302382
4054,0.899390024121167
4055,0.889501477903687
4056,0.917041815128524
4057,0.854714382450091
4058,0.896612480443603
4059,0.893719094874256
4060,0.910621266945408
4061,0.867782178231606
4062,0.86336282161415
4063,0.877131800771442
4064,0.878314228870979
4065,0.884197505513027
4066,0.89079263060999
4067,0.84495090229621
4068,0.890401003178536
4069,0.842018583614958
4070,0.847666083943208
4071,0.816767974415851
4072,0.877776074289875
4073,0.888243144178055
4074,0.921887366618404
4075,0.872814379663176
4076,0.879498977492809
4077,0.857595083863172
4078,0.893988357409376
4079,0.895821352625965
4080,0.856807283249246
4081,0.885940980320738
4082,0.891621243300218
4083,0.888560900120179
4084,0.86910266263766
4085,0.8615255146723
4086,0.85807527971025
4087,0.829386011884544
4088,0.87148359843953
4089,0.912739760958207
4090,0.909842714231849
4091,0.912978462390911
4092,0.905369815184459
4093,0.890632122296942
4094,0.895439636580264
4095,0.854389111160605
4096,0.877732629280556
4097,0.89034871886633
4098,0.863879454655816
4099,0.884795662260761
4100,0.889738916142949
4101,0.870387751873126
4102,0.866815331580432
4103,0.871301717940893
4104,0.87427139678461
4105,0.875686749390914
4106,0.814897044577718
4107,0.82812676661248
4108,0.831091696735037
4109,0.844186766311185
4110,0.904478166552293
4111,0.879837081477351
4112,0.82308837486798
4113,0.832458774420342
4114,0.901170224698093
4115,0.908055823980149
4116,0.872961481381902
4117,0.873254338111687
4118,0.864325180175336
4119,0.901400812189193
4120,0.886934899549284
4121,0.889389121312299
4122,0.900833971211913
4123,0.907570319300642
4124,0.853433741699523
4125,0.911869813223532
4126,0.908358363944611
4127,0.874615409404077
4128,0.88109269799274
4129,0.873650875481836
4130,0.881514730222708
4131,0.864151371106487
4132,0.846377429987896
4133,0.879768509960241
4134,0.932833244326541
4135,0.918968126828843
4136,0.844350699360413
4137,0.906944256831657
4138,0.882470085301174
4139,0.882545309302607
4140,0.86467360985707
4141,0.890162514036434
4142,0.860066613018479
4143,0.897259703325587
4144,0.898576190724875
4145,0.884922110414899
4146,0.8967374627131
4147,0.870559480813932
4148,0.867637020154137
4149,0.88344903114359
4150,0.861380752762374
4151,0.864059886466728
4152,0.845365362653116
4153,0.886667781585204
4154,0.855201160195554
4155,0.849201115655163
4156,0.898468875481287
4157,0.914537826410451
4158,0.886363861763643
4159,0.893326208258494
4160,0.889564606769708
4161,0.887555191952924
4162,0.91092958084891
4163,0.902320426087394
4164,0.891996846957004
4165,0.895539205650181
4166,0.894458138690454
4167,0.858419420409702
4168,0.876680659348013
4169,0.86391071107649
4170,0.864102395599983
4171,0.88187384547277
4172,0.868624530955899
4173,0.872199504556682
4174,0.891610758208325
4175,0.84686688885209
4176,0.874152243431659
4177,0.881579017254406
4178,0.914074291502983
4179,0.886582867442521
4180,0.902959620906548
4181,0.863812059761543
4182,0.823858756932952
4183,0.814674201882944
4184,0.875288848064983
4185,0.828941621242067
4186,0.856190037159394
4187,0.880979412331718
4188,0.885307960688859
4189,0.90018986789817
4190,0.914889827494264
4191,0.914829696856054
4192,0.880476879147335
4193,0.85286212052501
4194,0.888842933895622
4195,0.90851741312116
4196,0.890942410281385
4197,0.912263192787516
4198,0.902876454416277
4199,0.900785837360746
4200,0.930627605999886
4201,0.9070185909565
4202,0.889139682615857
4203,0.884384767592427
4204,0.88652325507562
4205,0.882000755232483
4206,0.837080042906523
4207,0.895151570928459
4208,0.863523895801589
4209,0.854772995714431
4210,0.860846204092746
4211,0.895327650515179
4212,0.881396480594253
4213,0.858053643055708
4214,0.864750648957136
4215,0.866864080677357
4216,0.8883983877478
4217,0.892377245452169
4218,0.844122428533609
4219,0.860924467142643
4220,0.87060762296993
4221,0.839742698217794
4222,0.896459444440259
4223,0.875216824509176
4224,0.878809180511687
4225,0.921597145443761
4226,0.841414336382987
4227,0.865563968107958
4228,0.883432218811996
4229,0.867401118901259
4230,0.921087864757459
4231,0.82226452781442
4232,0.813476339602711
4233,0.877961194455611
4234,0.838946074344818
4235,0.858541079842011
4236,0.891862934008352
4237,0.895010611420893
4238,0.894241725625254
4239,0.879867311428693
4240,0.865635020931589
4241,0.888381064403394
4242,0.871452928284474
4243,0.894934324038802
4244,0.906725533764227
4245,0.926600246070085
4246,0.889681134985048
4247,0.925449065900133
4248,0.880433120689177
4249,0.912521808187092
4250,0.897361490744797
4251,0.89283678219615
4252,0.881546158227094
4253,0.842588729919145
4254,0.861060788363635
4255,0.90077087607482
4256,0.927083092050812
4257,0.856605996690604
4258,0.87737143429682
4259,0.870448638003106
4260,0.888377674758892
4261,0.873267032396794
4262,0.852373919490865
4263,0.900602286905503
4264,0.883441455633514
4265,0.882036679373068
4266,0.885362579521353
4267,0.884712918832791
4268,0.87124378174747
4269,0.888407908763537
4270,0.88371164929558
4271,0.886385037438157
4272,0.896774303504144
4273,0.82373053022605
4274,0.842566868283548
4275,0.912442415405116
4276,0.860806591193821
4277,0.893690946430202
4278,0.898559663902914
4279,0.891343455781277
4280,0.902864644816252
4281,0.899778386825169
4282,0.895928761456468
4283,0.863480273938443
4284,0.864856958447824
4285,0.853412546191376
4286,0.869913162726144
4287,0.882565152877245
4288,0.859931071421628
4289,0.857828665496443
4290,0.848319155041941
4291,0.904552910489256
4292,0.896841096521558
4293,0.874997803676684
4294,0.897422906395047
4295,0.839296292881523
4296,0.88818097648804
4297,0.889378782868138
4298,0.899275933886831
4299,0.858906538198276
4300,0.868934980468033
4301,0.888764295564255
4302,0.90026139891615
4303,0.889535060803978
4304,0.901675187969759
4305,0.843666179728042
4306,0.872154364765953
4307,0.867659577737455
4308,0.87450826207685
4309,0.845123888416314
4310,0.865255688258367
4311,0.858674071344475
4312,0.886374374745899
4313,0.877644047855314
4314,0.843948606278452
4315,0.835158571897822
4316,0.874519471917451
4317,0.861883346998455
4318,0.860214941697196
4319,0.911777874202033
4320,0.850589627517622
4321,0.912371570396941
4322,0.852656631403517
4323,0.872576519991947
4324,0.875244744183942
4325,0.874417789302218
4326,0.878784092443775
4327,0.848602224628518
4328,0.871488515325565
4329,0.890859960826088
4330,0.9102774309294
4331,0.87648645665062
4332,0.912954087935616
4333,0.884493277617942
4334,0.900349183190883
4335,0.885117391728996
4336,0.901756966021224
4337,0.88554301650058
4338,0.87551554718021
4339,0.914473059625997
4340,0.835942872800871
4341,0.881376463716814
4342,0.836818345971172
4343,0.869080037120973
4344,0.808497656437631
4345,0.874021231376674
4346,0.842192289710667
4347,0.905922662230127
4348,0.887253457022087
4349,0.931464132182538
4350,0.909840755790945
4351,0.903474698173033
4352,0.893933334992937
4353,0.889907168431809
4354,0.866442654583457
4355,0.879056606051486
4356,0.89527428671622
4357,0.903608587473444
4358,0.869837719517461
4359,0.890817803385005
4360,0.884927234847229
4361,0.919036892118243
4362,0.89683040290964
4363,0.85467256057276
4364,0.848531131091787
4365,0.794580886735109
4366,0.924276725627345
4367,0.866616813186297
4368,0.843719198602746
4369,0.872864151140193
4370,0.876320779260598
4371,0.874615503828743
4372,0.893393966801571
4373,0.883452916844976
4374,0.895122849705582
4375,0.922068997362101
4376,0.817439617155107
4377,0.849238857927617
4378,0.898215063100115
4379,0.886599151250247
4380,0.871298625970381
4381,0.925293434053617
4382,0.834147809745636
4383,0.826946561115251
4384,0.879614972188194
4385,0.921952305090745
4386,0.831949044041532
4387,0.886124486896169
4388,0.882398234190534
4389,0.789838145402764
4390,0.85309403507505
4391,0.873806231813212
4392,0.871522988522472
4393,0.892895669909833
4394,0.919501702476361
4395,0.929836033149662
4396,0.932773376613584
4397,0.927329391123095
4398,0.879973414538936
4399,0.903856495978275
4400,0.884462635630437
4401,0.890227800814958
4402,0.886195773834337
4403,0.893589850867523
4404,0.865179095452365
4405,0.83574658394671
4406,0.884035223961482
4407,0.825495224520942
4408,0.868398592729966
4409,0.873693346540411
4410,0.869088050758536
4411,0.849980079418712
4412,0.84035003092398
4413,0.847597978382272
4414,0.864564051452285
4415,0.844281545487481
4416,0.866124153091423
4417,0.848973669987632
4418,0.859710900121667
4419,0.905773627773955
4420,0.818912273668779
4421,0.843593198077062
4422,0.871422438457314
4423,0.850024709644854
4424,0.879689681673282
4425,0.831662828368536
4426,0.830340083212575
4427,0.871231132986736
4428,0.815239238392695
4429,0.822854941846926
4430,0.906239526180423
4431,0.891458561747667
4432,0.892284945416159
4433,0.850577589453848
4434,0.861951848191195
4435,0.882554613448271
4436,0.864297118025534
4437,0.860996300017693
4438,0.855848898837553
4439,0.876116373381426
4440,0.876310952600066
4441,0.848021036098688
4442,0.869773117852221
4443,0.88245537813376
4444,0.862913119209257
4445,0.850477129600438
4446,0.907194391899281
4447,0.878320930208369
4448,0.870860927406613
4449,0.899107191867079
4450,0.819292531853593
4451,0.841832639141064
4452,0.786206670684237
4453,0.95065799487737
4454,0.909410833835491
4455,0.93744711770298
4456,0.866129330329959
4457,0.915535250132962
4458,0.911623015639491
4459,0.867099760295836
4460,0.898869956179165
4461,0.847859445564668
4462,0.842844604506089
4463,0.859675513139583
4464,0.840724143144789
4465,0.908115559080931
4466,0.832836973559225
4467,0.839789448275269
4468,0.884971808376569
4469,0.871088177424699
4470,0.879993762881286
4471,0.886570303903762
4472,0.904598194632512
4473,0.891957029064105
4474,0.87053508562609
4475,0.86333569751641
4476,0.868804433769039
4477,0.847140896753203
4478,0.833005884741585
4479,0.842528351892802
4480,0.88736537457408
4481,0.842741101984105
4482,0.855474716929785
4483,0.862008105816527
4484,0.895638493774393
4485,0.907024530833612
4486,0.8984791628656
4487,0.894391532765887
4488,0.917820152263696
4489,0.890731162666293
4490,0.918081265846746
4491,0.914690591306701
4492,0.896995403892407
4493,0.907255213356043
4494,0.891206056718037
4495,0.918175856239899
4496,0.832443597914066
4497,0.876653316914337
4498,0.845185701122963
4499,0.887900613375437
4500,0.891731668125691
4501,0.871713392218715
4502,0.872531222072421
4503,0.919064735970965
4504,0.879715424488642
4505,0.883609511978063
4506,0.890527515374116
4507,0.845164197760982
4508,0.84422576325747
4509,0.889589731095702
4510,0.859443055334062
4511,0.882500935753546
4512,0.886445703953282
4513,0.864626543701016
4514,0.791490604113514
4515,0.834368088527769
4516,0.847596363193536
4517,0.878066806452219
4518,0.851689022535967
4519,0.868420307268392
4520,0.925661774254411
4521,0.879562573973868
4522,0.897662869654396
4523,0.912700717306701
4524,0.892432726343973
4525,0.858856953415182
4526,0.872599120836714
4527,0.878471122411321
4528,0.906552870826064
4529,0.875147275107095
4530,0.912909554275306
4531,0.870959118653385
4532,0.885735839777536
4533,0.924329763696428
4534,0.899427372579836
4535,0.907023745361263
4536,0.879859693997293
4537,0.879671999169223
4538,0.852172988010571
4539,0.880929983108253
4540,0.856582061948908
4541,0.898390114216983
4542,0.905352354919278
4543,0.903968155981938
4544,0.868254142764645
4545,0.878856687095661
4546,0.871563854255929
4547,0.850514791735286
4548,0.830464960340035
4549,0.847003395964619
4550,0.879529794498885
4551,0.838682074078116
4552,0.910671928112422
4553,0.916635785510107
4554,0.830361288124703
4555,0.867728184715385
4556,0.858462703276676
4557,0.881917908826743
4558,0.868541138925654
4559,0.864755247725649
4560,0.862986272418276
4561,0.864158442550721
4562,0.855146057050136
4563,0.862809621218454
4564,0.840997380794828
4565,0.886868142636172
4566,0.854604505409458
4567,0.906683324095087
4568,0.873100955678113
4569,0.838840188878428
4570,0.895267724883368
4571,0.903447221374309
4572,0.877024196629231
4573,0.877455718169535
4574,0.896582871384735
4575,0.895458024340122
4576,0.894574399693839
4577,0.885995894092628
4578,0.862473832931725
4579,0.851837263930689
4580,0.897251458821699
4581,0.863274965326497
4582,0.867984032096544
4583,0.885308181696035
4584,0.864300248988823
4585,0.842181329346529
4586,0.867124214921992
4587,0.855076589867886
4588,0.847137018738255
4589,0.864929699795526
4590,0.898655742285163
4591,0.846482122372398
4592,0.92657023718807
4593,0.911698368264533
4594,0.864475570718591
4595,0.898189943596308
4596,0.90557092865113
4597,0.882898210856123
4598,0.816154271251238
4599,0.882132375256103
4600,0.846406129931163
4601,0.876560739378402
4602,0.852914106877866
4603,0.910520037947468
4604,0.837468667719821
4605,0.873195362456163
4606,0.886076774759938
4607,0.821028643752265
4608,0.826096941564896
4609,0.846120368898058
4610,0.915505069351804
4611,0.836218134392653
4612,0.898177300533872
4613,0.874426688815401
4614,0.867924317051604
4615,0.848621300244386
4616,0.889873870667919
4617,0.857470443918901
4618,0.878441292205239
4619,0.875256494648387
4620,0.882004868424621
4621,0.855939627596404
4622,0.853930103581875
4623,0.867075726830551
4624,0.852455889586756
4625,0.840057622167334
4626,0.845323031925824
4627,0.867784633608812
4628,0.83438034018987
4629,0.903880339689251
4630,0.868839087560368
4631,0.902959203732795
4632,0.899093235162334
4633,0.906573370798469
4634,0.862215341506646
4635,0.826243681960336
4636,0.869371679950564
4637,0.841354583272979
4638,0.86394570600705
4639,0.813976977411166
4640,0.880136624455933
4641,0.883405176218715
4642,0.894936165156685
4643,0.916607266274632
4644,0.914509875611069
4645,0.935136926020043
4646,0.920851458327482
4647,0.869814399864862
4648,0.871858499747281
4649,0.87929884606692
4650,0.915943975847701
4651,0.867579539875651
4652,0.899747369266914
4653,0.889069885398648
4654,0.883811308258816
4655,0.880412566135946
4656,0.876213530031104
4657,0.894704406996249
4658,0.893126797888264
4659,0.860240859071547
4660,0.913775550499298
4661,0.891930541294032
4662,0.908651943096595
4663,0.85089679212599
4664,0.884746184012861
4665,0.86949476241929
4666,0.874789458616284
4667,0.872766444250864
4668,0.899274534987133
4669,0.900463832985332
4670,0.909630350192958
4671,0.881994298756582
4672,0.903890210513467
4673,0.890690988334853
4674,0.905815454649361
4675,0.853307399619798
4676,0.863854841018047
4677,0.875615230458962
4678,0.893812388530479
4679,0.875380274722042
4680,0.883608999190062
4681,0.906819252575169
4682,0.900381684752658
4683,0.905560049366897
4684,0.836983975686376
4685,0.851029474019947
4686,0.838983110883699
4687,0.830504551705308
4688,0.892874686212757
4689,0.859815564996004
4690,0.909151465886275
4691,0.839874465670575
4692,0.897609288905629
4693,0.814106651419289
4694,0.901017327595564
4695,0.861681589499677
4696,0.900393078181023
4697,0.832774049672278
4698,0.844655253389271
4699,0.888227979227447
4700,0.834172377170094
4701,0.86245399226318
4702,0.857216904144707
4703,0.858080099017482
4704,0.881838994180408
4705,0.89941706408971
4706,0.858920373766642
4707,0.850157453270159
4708,0.866810289982093
4709,0.864314423905984
4710,0.854608009982545
4711,0.909719881319232
4712,0.873510126584681
4713,0.891880254603955
4714,0.849013956197631
4715,0.848377340760834
4716,0.905248670450857
4717,0.85476694410078
4718,0.917369533429081
4719,0.916768673334722
4720,0.907238494384853
4721,0.857431640687678
4722,0.902400329407103
4723,0.909489029293356
4724,0.913094141021208
4725,0.86032656623468
4726,0.859131177339768
4727,0.869459393806272
4728,0.880476254184071
4729,0.915425328315622
4730,0.894470459139077
4731,0.888385801145168
4732,0.904528521293526
4733,0.899468541411661
4734,0.874197629356604
4735,0.896976159487316
4736,0.89730180871782
4737,0.906717776118359
4738,0.837601135369259
4739,0.890626572885725
4740,0.865813924417916
4741,0.880964730865418
4742,0.832577089506163
4743,0.848916996281721
4744,0.894003477392057
4745,0.897760108777802
4746,0.84600518580813
4747,0.832233966560951
4748,0.911340590198924
4749,0.810714462565845
4750,0.85093791268572
4751,0.875657343958078
4752,0.906854295516471
4753,0.861744020152123
4754,0.859638882986393
4755,0.88711978552827
4756,0.845398893465888
4757,0.851819058658879
4758,0.861639425740296
4759,0.886972340137575
4760,0.894563359165581
4761,0.871941966384597
4762,0.86049747751411
4763,0.890296124156712
4764,0.876866751589225
4765,0.899558273382221
4766,0.869964336237802
4767,0.903688700741887
4768,0.845049076598059
4769,0.813310976281484
4770,0.826596684858993
4771,0.846320884854414
4772,0.87691926339861
4773,0.854783680176763
4774,0.865500764113875
4775,0.887114248364422
4776,0.861937976301668
4777,0.886731904499507
4778,0.87787931644267
4779,0.883251315785187
4780,0.869655140405204
4781,0.876423183177643
4782,0.910136445502
4783,0.89316627879771
4784,0.870369110950683
4785,0.91764083341041
4786,0.875782159479297
4787,0.871877331829609
4788,0.837553298719838
4789,0.928555487263793
4790,0.920642346921688
4791,0.929189685314642
4792,0.894429100624256
4793,0.913687909049281
4794,0.911385926466512
4795,0.854643359065991
4796,0.928245968128569
4797,0.83264573534107
4798,0.921445339752376
4799,0.883216801443614
4800,0.896728267961628
4801,0.888742888623868
4802,0.838701701861018
4803,0.892350652887271
4804,0.926090282776533
4805,0.911052704470112
4806,0.901090687260901
4807,0.899309420241045
4808,0.903445751687345
4809,0.900611965733274
4810,0.882246818484352
4811,0.889303793069434
4812,0.919955153654141
4813,0.888460841164443
4814,0.865540832188106
4815,0.848718825143786
4816,0.894417916956995
4817,0.870216812033338
4818,0.884228453715511
4819,0.848949172234166
4820,0.849561191585105
4821,0.84264483058568
4822,0.826315102373361
4823,0.835425791233442
4824,0.890246737116784
4825,0.883851306684212
4826,0.912574417642929
4827,0.885832328772833
4828,0.870255992061694
4829,0.884834255008562
4830,0.900497327260313
4831,0.86842813294427
4832,0.820614459688194
4833,0.856969480046971
4834,0.863737585354186
4835,0.879329271936009
4836,0.922204262415828
4837,0.928762844826789
4838,0.894530271718888
4839,0.896827920880762
4840,0.888635780796347
4841,0.813807423024612
4842,0.857666742000813
4843,0.840348103107808
4844,0.888520976006107
4845,0.852246172085385
4846,0.860098225790637
4847,0.889680382374625
4848,0.893573083618288
4849,0.877572056474003
4850,0.895234025954768
4851,0.88210099066344
4852,0.879609262900883
4853,0.849306856237048
4854,0.85484308967438
4855,0.88144129297626
4856,0.859121962270302
4857,0.894765881600018
4858,0.873251060268929
4859,0.913189067944756
4860,0.882264626258773
4861,0.886778846499694
4862,0.886031751007648
4863,0.918831284865485
4864,0.857401315436869
4865,0.883653210713737
4866,0.849970033870085
4867,0.875122865069309
4868,0.854732989179293
4869,0.818029344301177
4870,0.860147772685334
4871,0.842500303518115
4872,0.89279717790217
4873,0.86823318601822
4874,0.870309644157371
4875,0.854124830877776
4876,0.852325319203927
4877,0.874452316367757
4878,0.876148734383944
4879,0.888934650975167
4880,0.90949659725028
4881,0.890192109939446
4882,0.863400085193427
4883,0.884172444047673
4884,0.907745592007413
4885,0.927618657357158
4886,0.9097640593421
4887,0.89676460415126
4888,0.884107006907896
4889,0.893782749468761
4890,0.83999161685213
4891,0.861853527059237
4892,0.869629279624127
4893,0.889370879780794
4894,0.85555979937951
4895,0.886762450864788
4896,0.91643533272379
4897,0.891646356631275
4898,0.90439463071311
4899,0.920976233000107
4900,0.87306632186823
4901,0.893637154927795
4902,0.871316195557133
4903,0.909468378254361
4904,0.917140102717057
4905,0.909968505526276
4906,0.91047746625817
4907,0.929132661641119
4908,0.8751677607934
4909,0.855352796464483
4910,0.871891951866487
4911,0.843544769553242
4912,0.852767701621628
4913,0.908210394518412
4914,0.826692787710738
4915,0.867685725450742
4916,0.8376637306725
4917,0.852899522050886
4918,0.85545782773845
4919,0.892153089462109
4920,0.86469801212719
4921,0.906089701529096
4922,0.89481490826304
4923,0.907547658371588
4924,0.87897997956148
4925,0.870811926060233
4926,0.86979120535501
4927,0.877383310293541
4928,0.915513566313785
4929,0.910995668502428
4930,0.879734852634095
4931,0.887989639392351
4932,0.884182463560208
4933,0.870121480848631
4934,0.862001092646537
4935,0.90902099893874
4936,0.918567977743906
4937,0.893889500439561
4938,0.871777336024883
4939,0.88542209108853
4940,0.923748577112313
4941,0.909957288016273
4942,0.911159545416729
4943,0.865442458670777
4944,0.867758994149685
4945,0.871212611444889
4946,0.880947612461831
4947,0.866240559190528
4948,0.89542530517376
4949,0.892456576139444
4950,0.910932993198509
4951,0.874125441840701
4952,0.879033238360685
4953,0.916035275608875
4954,0.90235161888613
4955,0.922029812878756
4956,0.876827087167294
4957,0.847521857457222
4958,0.900169459078108
4959,0.908890230906994
4960,0.884302410266492
4961,0.879607484599959
4962,0.895579720480428
4963,0.899985939183148
4964,0.908307760261503
4965,0.872921303747949
4966,0.890637099788588
4967,0.841409486140328
4968,0.883590966618141
4969,0.843570622959688
4970,0.90894411293856
4971,0.878224622345538
4972,0.889648409720145
4973,0.895949542336976
4974,0.858461605955364
4975,0.852037707525981
4976,0.839004389841997
4977,0.825918753108515
4978,0.842310674925494
4979,0.852422886184562
4980,0.872348203522637
4981,0.869686258150263
4982,0.878029285336673
4983,0.901299025582794
4984,0.936004646514836
4985,0.870718199780831
4986,0.873876274077763
4987,0.871526907232459
4988,0.867245513319091
4989,0.882453532582172
4990,0.884082460398776
4991,0.872083563876604
4992,0.911297189128831
4993,0.879906252627401
4994,0.924546054278955
4995,0.917704470816212
4996,0.893060123435406
4997,0.906563430791031
4998,0.888988705546004
4999,0.893412195153275
5000,0.857774516939449
5001,0.874531785988668
5002,0.869557182643346
5003,0.909160204092475
5004,0.915676795309889
5005,0.866581942430086
5006,0.862283346442245
5007,0.894287031843203
5008,0.917459875651521
5009,0.881722875309582
5010,0.898338487595387
5011,0.884824119652324
5012,0.904719458960994
5013,0.875637641813398
5014,0.864150670907486
5015,0.894410114117542
5016,0.829004473842184
5017,0.882263099725091
5018,0.877112601185543
5019,0.892561780949914
5020,0.833474287614159
5021,0.890684967277607
5022,0.863703390134625
5023,0.866356981833384
5024,0.859599170550837
5025,0.87393207325945
5026,0.862935114179818
5027,0.854508650549695
5028,0.842693353703859
5029,0.849343129579984
5030,0.850116905742854
5031,0.833600466141726
5032,0.873699689059317
5033,0.874711411670449
5034,0.882699512549028
5035,0.897441688866088
5036,0.889521673456009
5037,0.843859699655877
5038,0.91668435456615
5039,0.867556529148521
5040,0.887335565108551
5041,0.856121312264176
5042,0.883229914399946
5043,0.863064820265715
5044,0.899699541000345
5045,0.853126696121129
5046,0.888818004547821
5047,0.846170555292262
5048,0.846372224023151
5049,0.825034162071019
5050,0.906897545578444
5051,0.835716767007373
5052,0.867447465841427
5053,0.907042541699154
5054,0.880855412344568
5055,0.858163389594096
5056,0.885602482233545
5057,0.882277734899665
5058,0.916395969089682
5059,0.896977388370132
5060,0.903002242846437
5061,0.859024274131048
5062,0.864714604269751
5063,0.874522222055365
5064,0.874161493321422
5065,0.852481878239427
5066,0.870398957211174
5067,0.860734111490549
5068,0.88823391134541
5069,0.881569256223751
5070,0.817783331595258
5071,0.85891206049345
5072,0.875379416876084
5073,0.870935663628968
5074,0.864982083779673
5075,0.852887128730268
5076,0.883150124123391
5077,0.841769331302909
5078,0.895797589302755
5079,0.879081720638084
5080,0.91468864076092
5081,0.863061615433787
5082,0.861408055878908
5083,0.881577762667591
5084,0.90834804836559
5085,0.892645962325809
5086,0.900719284417152
5087,0.88290958668184
5088,0.838760587353917
5089,0.860140458617755
5090,0.914193108974877
5091,0.901541512067915
5092,0.864428612064594
5093,0.852878359979173
5094,0.828671106665221
5095,0.883963129323143
5096,0.863292079392403
5097,0.901886010128474
5098,0.859171831523068
5099,0.867019739666421
5100,0.898615725626804
5101,0.892707968351407
5102,0.914263190621912
5103,0.901379055512379
5104,0.915402481295574
5105,0.910155322556292
5106,0.925915891908197
5107,0.85834339686877
5108,0.905567340282469
5109,0.896756410839582
5110,0.934969560458354
5111,0.93474951888388
5112,0.879755884175152
5113,0.905516940269623
5114,0.8834360459278
5115,0.862472125347224
5116,0.869750648006494
5117,0.870243280528034
5118,0.898286518027713
5119,0.847295654601955
5120,0.902048507980822
5121,0.867194987763232
5122,0.877667382753186
5123,0.821139060821671
5124,0.851260590480275
5125,0.851275467843549
5126,0.881258873634493
5127,0.879149182554967
5128,0.882373232094627
5129,0.879188173776506
5130,0.864014079771676
5131,0.884374194901516
5132,0.859882542573699
5133,0.85874555432237
5134,0.896500499945958
5135,0.886666126182695
5136,0.845414550810068
5137,0.838906246673127
5138,0.846850953519053
5139,0.867420938631507
5140,0.92963925674731
5141,0.863438232183685
5142,0.83633837537597
5143,0.841500703128328
5144,0.901847195808739
5145,0.902994878231006
5146,0.959771300666871
5147,0.950614069195208
5148,0.911072815052358
5149,0.871119154237563
5150,0.852756463611676
5151,0.844907544974215
5152,0.831527359987498
5153,0.825165407425309
5154,0.889759615518268
5155,0.86959078290535
5156,0.87620854031454
5157,0.891764827430908
5158,0.864215654551763
5159,0.902123378093822
5160,0.82752852186979
5161,0.897782594996374
5162,0.869464554831081
5163,0.882495080480089
5164,0.887192094441397
5165,0.853772279733514
5166,0.868824329148015
5167,0.851688047050509
5168,0.930017050421442
5169,0.90405425713903
5170,0.917817841229826
5171,0.910749671848209
5172,0.876277673777358
5173,0.885283138964248
5174,0.819336788529444
5175,0.796074121557895
5176,0.885187282481344
5177,0.803412419335681
5178,0.841168918927645
5179,0.884116741388987
5180,0.879242549662646
5181,0.893193972603534
5182,0.866010193595364
5183,0.822756944062806
5184,0.882176405672228
5185,0.811343741521814
5186,0.830469601497376
5187,0.850955949503786
5188,0.858816148365125
5189,0.891317448571761
5190,0.906732327543906
5191,0.893971249902884
5192,0.873437484773576
5193,0.887454875292844
5194,0.880700073962484
5195,0.863567403554412
5196,0.861198297859205
5197,0.872318948083191
5198,0.91932057678665
5199,0.904509656377399
5200,0.815792698767968
5201,0.915109554985377
5202,0.915807640222358
5203,0.849564675242241
5204,0.887265751388018
5205,0.877589162176497
5206,0.886416265584525
5207,0.911665700853505
5208,0.878963720264852
5209,0.877433239720786
5210,0.9083620825863
5211,0.884354455847879
5212,0.850763518596968
5213,0.81865022714618
5214,0.881248982977852
5215,0.919292578776705
5216,0.858699592572039
5217,0.868947158948772
5218,0.867676221293093
5219,0.861566923691424
5220,0.895682760588646
5221,0.863848793572314
5222,0.908892112710378
5223,0.910753216530193
5224,0.865555860833934
5225,0.850373394626423
5226,0.837610143994569
5227,0.861117555126138
5228,0.822292947204344
5229,0.887171651851145
5230,0.839116386868791
5231,0.853683078650746
5232,0.83541200338501
5233,0.900091050340885
5234,0.906665297324318
5235,0.837995186188105
5236,0.858212871393326
5237,0.911903895456481
5238,0.836041162143358
5239,0.885380344954303
5240,0.896044950504054
5241,0.888763400890051
5242,0.908345975820786
5243,0.863859971487422
5244,0.882518047983619
5245,0.867954850156984
5246,0.89162957974467
5247,0.89976867680985
5248,0.880668088156114
5249,0.832260243797848
5250,0.844896858852189
5251,0.861869263492054
5252,0.833705777726442
5253,0.850555559853376
5254,0.90579051105897
5255,0.889304905096973
5256,0.920597414645954
5257,0.898639031509245
5258,0.893871770519457
5259,0.90636231041034
5260,0.904770861503887
5261,0.886015505105518
5262,0.88497931035629
5263,0.849545294389434
5264,0.867225475096762
5265,0.887163007524575
5266,0.875971464950616
5267,0.830410372971591
5268,0.878273522766333
5269,0.870459746518197
5270,0.881743796465017
5271,0.90041477120323
5272,0.858178374215725
5273,0.917997341829891
5274,0.913818659814368
5275,0.911280738045059
5276,0.902752792084761
5277,0.877017189177234
5278,0.877823537303834
5279,0.838790464763074
5280,0.82319808125378
5281,0.845039764926306
5282,0.919064709434909
5283,0.871131677805415
5284,0.853103024841664
5285,0.858115144942685
5286,0.866325585066048
5287,0.861351729597666
5288,0.911948254512525
5289,0.866356912637994
5290,0.850795578460346
5291,0.848754660475573
5292,0.8543027001262
5293,0.884167316934401
5294,0.919041067754751
5295,0.877081951521766
5296,0.915452968852105
5297,0.921936485503379
5298,0.900802624563599
5299,0.888845158495499
5300,0.861781161223105
5301,0.875409332366613
5302,0.89218226698896
5303,0.853716786700682
5304,0.91267591705879
5305,0.849202671643354
5306,0.871898544032556
5307,0.901543259767862
5308,0.884165421779415
5309,0.880349658092528
5310,0.876942120425871
5311,0.852327416524247
5312,0.889576561309172
5313,0.829150124082308
5314,0.85776630199976
5315,0.859559477597753
5316,0.893351961105416
5317,0.864581272798863
5318,0.869006569695448
5319,0.845505312306581
5320,0.85675237644159
5321,0.848970396911046
5322,0.903034034364409
5323,0.884168929190985
5324,0.863170868128657
5325,0.891093633484424
5326,0.854681219003487
5327,0.853022955815116
5328,0.848735511413555
5329,0.806239888261733
5330,0.844775220760366
5331,0.821169723247963
5332,0.857569218468677
5333,0.858914204014629
5334,0.857674297589897
5335,0.862381967882604
5336,0.904091245424879
5337,0.898107124767943
5338,0.832822769403065
5339,0.828812286116835
5340,0.90042362106841
5341,0.870188769493201
5342,0.883637575767668
5343,0.86642697097746
5344,0.875675069482443
5345,0.838857042690185
5346,0.860258028033093
5347,0.870651034800617
5348,0.832791862939506
5349,0.863572482675596
5350,0.810496519726366
5351,0.796946282751948
5352,0.840475191869712
5353,0.843589678854618
5354,0.860155895334277
5355,0.869751605619316
5356,0.874352886334263
5357,0.874827640485794
5358,0.872632885390632
5359,0.944759700032443
5360,0.809307828361085
5361,0.880928971458232
5362,0.844565105602347
5363,0.914667076461212
5364,0.877543030108962
5365,0.891984829482661
5366,0.891361670596093
5367,0.900860715511248
5368,0.896382056655023
5369,0.85988343049781
5370,0.871067274698446
5371,0.891235150433079
5372,0.821496897383475
5373,0.813874645342444
5374,0.859682264185179
5375,0.867687238432514
5376,0.861219380967307
5377,0.866510341169087
5378,0.896075712624651
5379,0.884193320245343
5380,0.903333736965996
5381,0.90832643554458
5382,0.904480478275367
5383,0.881612085498161
5384,0.891160166618965
5385,0.883454619315039
5386,0.906583982377137
5387,0.846039942677317
5388,0.87597590545266
5389,0.859713089816602
5390,0.851109320023277
5391,0.840146754423908
5392,0.868731674243396
5393,0.895870607441574
5394,0.89043210223127
5395,0.904591589901791
5396,0.899070622066645
5397,0.869993940969358
5398,0.871991958365031
5399,0.907987858200345
5400,0.834448081168845
5401,0.906337925991803
5402,0.90505510713052
5403,0.923774103457843
5404,0.877790075186775
5405,0.923686851073653
5406,0.839046291531353
5407,0.883152663546601
5408,0.856322184570222
5409,0.885243794978372
5410,0.885719740525858
5411,0.841048747686668
5412,0.859306076180281
5413,0.904382766768711
5414,0.877038634746301
5415,0.865156965628957
5416,0.86738346256478
5417,0.890144506696287
5418,0.885587943873887
5419,0.849034702725666
5420,0.854803169698533
5421,0.877368330212629
5422,0.89805171635853
5423,0.886946277512983
5424,0.953611567186172
5425,0.899157748667236
5426,0.867020206301693
5427,0.877129634897267
5428,0.896737235468133
5429,0.912236781130994
5430,0.905130379219958
5431,0.894030917778274
5432,0.899864333102566
5433,0.832734373568263
5434,0.881439064320331
5435,0.847070323804653
5436,0.895040642805794
5437,0.868565684801324
5438,0.872685404085913
5439,0.879037314728407
5440,0.895987983636012
5441,0.819353089919738
5442,0.868113856847973
5443,0.855978721511302
5444,0.860825730081328
5445,0.892301743194482
5446,0.869997397070662
5447,0.838464933214801
5448,0.888408700349598
5449,0.860221806367617
5450,0.894130491626947
5451,0.92278355212195
5452,0.83907479556956
5453,0.946024700382883
5454,0.83232812328993
5455,0.85876359614555
5456,0.883585981320454
5457,0.903230002900362
5458,0.890693013476156
5459,0.839955311829042
5460,0.865158982156445
5461,0.859952141049885
5462,0.905732892518409
5463,0.875199382920181
5464,0.862434741163604
5465,0.843891634673488
5466,0.895992822000856
5467,0.870394043263773
5468,0.879035050039176
5469,0.829217532554613
5470,0.82549949817428
5471,0.933786544849158
5472,0.84778854946824
5473,0.914552941518321
5474,0.909769537069545
5475,0.871703138825742
5476,0.855527930523748
5477,0.841922007351947
5478,0.87855656415571
5479,0.889038265490083
5480,0.888900932327006
5481,0.876404789177301
5482,0.857308413724065
5483,0.868454817839921
5484,0.873493378474258
5485,0.892458355522189
5486,0.878212072440766
5487,0.90402466922378
5488,0.891295113827003
5489,0.887448234457586
5490,0.876431010072538
5491,0.891610183941224
5492,0.882710780073689
5493,0.863446845363016
5494,0.876248172364091
5495,0.852341655136622
5496,0.904044289000643
5497,0.871808799869211
5498,0.898818706477314
5499,0.893489645042267
5500,0.900045069128974
5501,0.901689887380449
5502,0.89575200629117
5503,0.903259365399947
5504,0.909252342403336
5505,0.913111364811426
5506,0.855104342820804
5507,0.90532356110363
5508,0.878117028426347
5509,0.858458862310522
5510,0.90008891900106
5511,0.89534143069247
5512,0.854920104259068
5513,0.875673987592799
5514,0.891666867095643
5515,0.899339601333032
5516,0.869246860509235
5517,0.873149816545345
5518,0.865768222044501
5519,0.912297959421636
5520,0.82534535242155
5521,0.848788723576313
5522,0.900098009325254
5523,0.841938345872239
5524,0.879369146008752
5525,0.85887697018249
5526,0.85836949468471
5527,0.862208853490273
5528,0.886588407877595
5529,0.841429155673695
5530,0.898934504462315
5531,0.872841327622344
5532,0.878408593765038
5533,0.8815609251929
5534,0.855099411047476
5535,0.872620606052249
5536,0.890026817004699
5537,0.897868345822929
5538,0.862232484010716
5539,0.855086017842351
5540,0.894540109976027
5541,0.892954562839408
5542,0.898650459783568
5543,0.882559934359307
5544,0.887104264350684
5545,0.859151143357615
5546,0.895116180460197
5547,0.932957101727253
5548,0.891319869186595
5549,0.844630679625094
5550,0.846662126600754
5551,0.848373340803554
5552,0.896658920607723
5553,0.864363495521862
5554,0.907340459339366
5555,0.8615275221893
5556,0.852601645216771
5557,0.886261482447397
5558,0.793882901189954
5559,0.79986781551297
5560,0.876835573961196
5561,0.90128939395161
5562,0.844766526762228
5563,0.893096418014504
5564,0.868286493044624
5565,0.907211157087258
5566,0.88743913301872
5567,0.92361556343783
5568,0.850889282452919
5569,0.846369416029479
5570,0.911882580722167
5571,0.85958826516831
5572,0.836820711558907
5573,0.815987193897101
5574,0.867306359766813
5575,0.862629408660218
5576,0.874470413620954
5577,0.850877446764242
5578,0.837346764609831
5579,0.903161027482785
5580,0.871669455910913
5581,0.870695640581277
5582,0.851507496245669
5583,0.870392071013213
5584,0.846756823951566
5585,0.849432077300411
5586,0.794976257822897
5587,0.826615657576999
5588,0.887392926445918
5589,0.857455912334909
5590,0.886411475154842
5591,0.895463036285365
5592,0.861666241518283
5593,0.91075945992467
5594,0.866188104686524
5595,0.88104656963965
5596,0.887302759243504
5597,0.922135395515365
5598,0.888287597270318
5599,0.873705541897455
5600,0.899413013570189
5601,0.877677562982494
5602,0.882192183712542
5603,0.81387963387893
5604,0.865951373606667
5605,0.864516176129573
5606,0.85856517847576
5607,0.872210611632721
5608,0.858865286101299
5609,0.841224576244969
5610,0.815638146905543
5611,0.902435526108447
5612,0.884451901494031
5613,0.85433369498973
5614,0.87838875108159
5615,0.934667392042523
5616,0.882151446930685
5617,0.931832079325712
5618,0.831827516506628
5619,0.81811206119766
5620,0.838611339866263
5621,0.862632900156827
5622,0.852618167670573
5623,0.867399966371035
5624,0.917389675538127
5625,0.90007121935602
5626,0.884525748048358
5627,0.885464119002094
5628,0.82114956307333
5629,0.86266225957662
5630,0.868121003269878
5631,0.91564721057617
5632,0.931885949360794
5633,0.815916530062904
5634,0.88712773468947
5635,0.856837730555841
5636,0.920040498020016
5637,0.902467699208357
5638,0.860686366674984
5639,0.910733662453015
5640,0.874874612244362
5641,0.877296880987363
5642,0.845726720439747
5643,0.866813602775229
5644,0.896645421187861
5645,0.858434532064566
5646,0.837040297526624
5647,0.877789096283
5648,0.882179907269113
5649,0.88509999666989
5650,0.911340821089169
5651,0.919908506790349
5652,0.872310267906879
5653,0.910065124994176
5654,0.84008026169822
5655,0.91840964773851
5656,0.83748386214575
5657,0.863994401103398
5658,0.927048487839447
5659,0.846523246299108
5660,0.851104013770769
5661,0.885326375801409
5662,0.869833743873735
5663,0.911804134354398
5664,0.870969877828112
5665,0.885524590957269
5666,0.84719487037329
5667,0.890369175096473
5668,0.900966988744804
5669,0.892932544735582
5670,0.833650530023807
5671,0.908147863678355
5672,0.903767023241224
5673,0.884951619233105
5674,0.893835860783146
5675,0.863324997496967
5676,0.869908307238818
5677,0.888244028645453
5678,0.89467341291262
5679,0.887045077869842
5680,0.871654859072479
5681,0.905493621836798
5682,0.933299914428109
5683,0.84927377171406
5684,0.905883855826381
5685,0.886969637178125
5686,0.865251961596416
5687,0.903910881249432
5688,0.934667049481627
5689,0.918490665198834
5690,0.862705357855994
5691,0.888884045054768
5692,0.887886766278084
5693,0.875594453733392
5694,0.889660260673599
5695,0.874925232857526
5696,0.85111992129904
5697,0.865650590524042
5698,0.855962648878561
5699,0.844180672714644
5700,0.872462001918266
5701,0.859808078100797
5702,0.882258597052315
5703,0.876766450285057
5704,0.908502580672775
5705,0.930336287151334
5706,0.902302109840145
5707,0.879637468995816
5708,0.904003969220549
5709,0.913388622386591
5710,0.921873325808926
5711,0.90764137989822
5712,0.912773607511796
5713,0.89788007582829
5714,0.890480824640966
5715,0.860710472737354
5716,0.895405426290537
5717,0.813610054266471
5718,0.863518977187988
5719,0.84853982700802
5720,0.867551180706872
5721,0.87599184541631
5722,0.882742522476135
5723,0.888216863375925
5724,0.858510126768771
5725,0.899256677513097
5726,0.839363863855481
5727,0.878673900571788
5728,0.870665847796884
5729,0.890816601154715
5730,0.891382626605293
5731,0.864651947707302
5732,0.882471932545022
5733,0.875973566317077
5734,0.874515258645132
5735,0.885475474976475
5736,0.855240565624451
5737,0.890722718739001
5738,0.865720326182749
5739,0.859017901316099
5740,0.846935350197159
5741,0.885328464173882
5742,0.880816067371746
5743,0.846610984706286
5744,0.885024894991654
5745,0.86616518418604
5746,0.868911070224488
5747,0.864243682057474
5748,0.848443711790327
5749,0.885650732176559
5750,0.900335572227477
5751,0.908749129933052
5752,0.894286035435275
5753,0.927955898083818
5754,0.863676005442687
5755,0.90768527644346
5756,0.900527776869649
5757,0.856681143027134
5758,0.858264774462258
5759,0.84680074595203
5760,0.900983080729778
5761,0.859086659612803
5762,0.87835142286299
5763,0.865855679353478
5764,0.857940572135397
5765,0.882821389035433
5766,0.895986760685831
5767,0.886898302054634
5768,0.87645995558532
5769,0.884665498050225
5770,0.88433548002865
5771,0.896633748887769
5772,0.896827492605926
5773,0.871475267239936
5774,0.873243889424957
5775,0.8942423526572
5776,0.892455167059535
5777,0.86310437378101
5778,0.858119120825495
5779,0.880398159990673
5780,0.896614495270838
5781,0.861647939949189
5782,0.888572434792786
5783,0.863937849446618
5784,0.920768156188532
5785,0.895463970710551
5786,0.853943631160481
5787,0.888433440136324
5788,0.847957996292366
5789,0.871739384395066
5790,0.855099970118242
5791,0.877304420541828
5792,0.885906319755068
5793,0.85935751692069
5794,0.91686997385871
5795,0.863908010900397
5796,0.918148755525442
5797,0.85272155696943
5798,0.889255004530925
5799,0.894840260328406
5800,0.879580311250032
5801,0.863354418272521
5802,0.881774079818808
5803,0.845818095702386
5804,0.860031008221401
5805,0.91631147305409
5806,0.918445261411769
5807,0.848454781496836
5808,0.859178713441198
5809,0.897487882650006
5810,0.871950073361233
5811,0.883791821000679
5812,0.876139413352549
5813,0.854188694752077
5814,0.878089408234268
5815,0.86129115557379
5816,0.853969556240152
5817,0.849302270105247
5818,0.834245893368694
5819,0.900246903798685
5820,0.900501771083978
5821,0.913472693101954
5822,0.861943919475568
5823,0.90068913001452
5824,0.888462741777153
5825,0.831809964687755
5826,0.856131806260693
5827,0.887965689935648
5828,0.853697740227113
5829,0.88401913617332
5830,0.828033114545427
5831,0.868415108443639
5832,0.87738227797554
5833,0.870102033220103
5834,0.85075820844629
5835,0.873277665030276
5836,0.887743773549723
5837,0.861344873170326
5838,0.806908626119884
5839,0.862072796895435
5840,0.880940913246075
5841,0.85517909269313
5842,0.835119016448678
5843,0.867315866624386
5844,0.864387606982624
5845,0.894718801711041
5846,0.88682758801515
5847,0.855172290592428
5848,0.920278640478233
5849,0.841127021536899
5850,0.911838497245955
5851,0.830868437343679
5852,0.869333149590887
5853,0.86660239293116
5854,0.842794081302464
5855,0.832838775126714
5856,0.911887981060543
5857,0.882179043104787
5858,0.882807458903144
5859,0.901089502671847
5860,0.886774687143311
5861,0.836578741261191
5862,0.880201290980437
5863,0.899998280852902
5864,0.925091718844914
5865,0.907911260223671
5866,0.904422427978542
5867,0.894730959384203
5868,0.877809992147228
5869,0.887965597044996
5870,0.881472828167912
5871,0.893365749962941
5872,0.857310925689638
5873,0.863048999457266
5874,0.871267509568971
5875,0.896633420676946
5876,0.894417138769123
5877,0.850298924064915
5878,0.889133234274212
5879,0.871670124577148
5880,0.890116358739839
5881,0.81820218376465
5882,0.861057675073193
5883,0.879208548785997
5884,0.897490426754979
5885,0.883431996604267
5886,0.853272156141705
5887,0.862091770834109
5888,0.876534468823999
5889,0.875511169472041
5890,0.877413004071195
5891,0.869347746141446
5892,0.932085070799754
5893,0.907614925103958
5894,0.942035852380188
5895,0.896754325741815
5896,0.897899514873272
5897,0.865171414689308
5898,0.890562502980433
5899,0.846423084154827
5900,0.91164299632471
5901,0.858138213237325
5902,0.87404856773011
5903,0.870792592830001
5904,0.843739064379115
5905,0.859483309790954
5906,0.882929290022825
5907,0.875109459041803
5908,0.805935294745728
5909,0.794498980884197
5910,0.925335488834048
5911,0.827104910860191
5912,0.898566990169134
5913,0.796030689936881
5914,0.899683119891067
5915,0.796549564249622
5916,0.872660336990965
5917,0.868620654632732
5918,0.828689705507884
5919,0.840857408944436
5920,0.87802161828023
5921,0.840045227310156
5922,0.795004286312316
5923,0.892565296195957
5924,0.916370421563766
5925,0.886139200965585
5926,0.887534996683185
5927,0.927748485086544
5928,0.898378432582777
5929,0.910509876342662
5930,0.897180361634439
5931,0.913812055215462
5932,0.880060545958995
5933,0.896236919705501
5934,0.917832680322611
5935,0.916137202335301
5936,0.853440973027752
5937,0.920072446315712
5938,0.914182764467214
5939,0.879532025494334
5940,0.863374901804491
5941,0.817255473415927
5942,0.84244320162394
5943,0.900592206763627
5944,0.864940365045484
5945,0.892350202276972
5946,0.894621549285683
5947,0.89863443576574
5948,0.857249254378548
5949,0.884191772313241
5950,0.854314087583911
5951,0.909807695699256
5952,0.87142015062892
5953,0.881372442831214
5954,0.831744802403091
5955,0.843419101258636
5956,0.848338034786246
5957,0.881467352683193
5958,0.867567701787368
5959,0.908320726068896
5960,0.845813016534818
5961,0.929551125065383
5962,0.884805948394278
5963,0.869869408842177
5964,0.833553243553386
5965,0.897200276632352
5966,0.90126953279184
5967,0.895038507459686
5968,0.917870777467575
5969,0.910912670373805
5970,0.909395868743993
5971,0.905231733852706
5972,0.919332535994611
5973,0.860377750240533
5974,0.893945080673662
5975,0.793001216079503
5976,0.837332677848353
5977,0.914992460852665
5978,0.820992944298612
5979,0.882889388475475
5980,0.892762959410974
5981,0.863915289381544
5982,0.861558770758635
5983,0.86551361067678
5984,0.864194044404834
5985,0.86573715500001
5986,0.818635089318856
5987,0.891079438895817
5988,0.84421360098627
5989,0.885649775897366
5990,0.856890778181027
5991,0.861180952582505
5992,0.852510047256521
5993,0.902722135546428
5994,0.837204477981466
5995,0.884870548853952
5996,0.891230721668145
5997,0.898667112207364
5998,0.857536577699207
5999,0.856044656989467
6000,0.928717357724401
6001,0.854368949485503
6002,0.904972796206484
6003,0.876734923882122
6004,0.86368835289713
6005,0.904326934888537
6006,0.839225290897781
6007,0.880208802733306
6008,0.867788383193149
6009,0.903584760312244
6010,0.90695506017903
6011,0.930388687907191
6012,0.89785012558784
6013,0.890748450863916
6014,0.80439348014586
6015,0.825959783344046
6016,0.878920405789751
6017,0.85852120887841
6018,0.879247243633667
6019,0.900164535413074
6020,0.869218687805339
6021,0.898982487874828
6022,0.91469199091217
6023,0.887859052729092
6024,0.89681138901684
6025,0.890446635155672
6026,0.796204284984278
6027,0.839193969653402
6028,0.837630785672344
6029,0.90594429006301
6030,0.899417985011475
6031,0.874603071519435
6032,0.879316179995388
6033,0.899024345836745
6034,0.91843445321632
6035,0.893942573618921
6036,0.906754470956423
6037,0.903978666608827
6038,0.899838104062464
6039,0.822535896607724
6040,0.895806443350616
6041,0.8379761769728
6042,0.831727540218858
6043,0.877093669089968
6044,0.853976153983383
6045,0.852705098079236
6046,0.851441379050724
6047,0.85849839098987
6048,0.858399915596995
6049,0.857069509259971
6050,0.862302862708804
6051,0.899779796086317
6052,0.82545702653174
6053,0.894762182556048
6054,0.813984470401118
6055,0.898606035210862
6056,0.894489339521366
6057,0.890299027800626
6058,0.891154058021049
6059,0.902863483353445
6060,0.890534545171631
6061,0.889967102715843
6062,0.850062120462702
6063,0.871181144946362
6064,0.845584976493284
6065,0.863589311704837
6066,0.808304362420287
6067,0.839953040995571
6068,0.866431415579094
6069,0.869650407581655
6070,0.854130012006895
6071,0.839044110842505
6072,0.895961551481837
6073,0.918299811386235
6074,0.849416737435954
6075,0.923955614866666
6076,0.823881896275604
6077,0.901632455444691
6078,0.923173454517737
6079,0.868753089168696
6080,0.892740244298155
6081,0.851554301556877
6082,0.879520424414982
6083,0.830679157646982
6084,0.819868116433898
6085,0.834704908778491
6086,0.884001036786477
6087,0.864229846764707
6088,0.880437650078218
6089,0.816548187740804
6090,0.88879814145366
6091,0.853992656040161
6092,0.847802224348543
6093,0.902757510578919
6094,0.888929649879494
6095,0.905209952805775
6096,0.837911161305042
6097,0.87984254204806
6098,0.858063861962434
6099,0.861842278589259
6100,0.844615733837376
6101,0.877583851115899
6102,0.857874115398206
6103,0.820273058798125
6104,0.798197584645663
6105,0.811873261846198
6106,0.825252125970936
6107,0.840347666106345
6108,0.844440673385406
6109,0.867419463001567
6110,0.861317573775098
6111,0.870811781412005
6112,0.843961842897497
6113,0.87791751521785
6114,0.839241980639084
6115,0.854033612260934
6116,0.852145224645434
6117,0.921864226010887
6118,0.870672981008474
6119,0.886534401968171
6120,0.889508543683542
6121,0.892687857679912
6122,0.873502989352995
6123,0.863268932633597
6124,0.831416778689977
6125,0.93440829315984
6126,0.854446582903084
6127,0.866654234191784
6128,0.825643496444076
6129,0.808878606738984
6130,0.866486351627653
6131,0.846495199887897
6132,0.868599908874464
6133,0.848106403822735
6134,0.807644730459916
6135,0.90172565442802
6136,0.826935213327684
6137,0.92305808257323
6138,0.825174960873471
6139,0.923796198340856
6140,0.851282743221513
6141,0.83897724443263
6142,0.848360715177944
6143,0.898742460483051
6144,0.877571181563284
6145,0.916379742290542
6146,0.865067264388724
6147,0.887166939184305
6148,0.858407838172137
6149,0.8349239706478
6150,0.866736989312549
6151,0.866222749005396
6152,0.89382707366616
6153,0.8829767634459
6154,0.857620398345138
6155,0.88440556689217
6156,0.879992647861186
6157,0.894752886129423
6158,0.915526838401754
6159,0.890055428216253
6160,0.923746622467527
6161,0.906336017224567
6162,0.897739484900672
6163,0.893048279719252
6164,0.847541521143352
6165,0.84889501922321
6166,0.856986602116773
6167,0.851984608211026
6168,0.881901826884573
6169,0.816162331110586
6170,0.884815692688188
6171,0.851345174832213
6172,0.858470614119171
6173,0.890080215127104
6174,0.878026219793679
6175,0.882887976806292
6176,0.869151623294616
6177,0.910754079597942
6178,0.871099266167537
6179,0.883545029602297
6180,0.896690661293636
6181,0.871059920329613
6182,0.888543046657875
6183,0.881655806769363
6184,0.889623279120388
6185,0.849413153739373
6186,0.880488320482758
6187,0.90072003691198
6188,0.903625782920282
6189,0.897167717984159
6190,0.912238435259925
6191,0.814439177824763
6192,0.908279544598252
6193,0.866029030897384
6194,0.922757048239633
6195,0.834140524268418
6196,0.892128516453756
6197,0.83483654193353
6198,0.925475842378098
6199,0.910623226777709
6200,0.878324187356503
6201,0.919597638506958
6202,0.877446209549006
6203,0.913142469099137
6204,0.907288016718059
6205,0.893714190841665
6206,0.889864563265643
6207,0.890393862393294
6208,0.897850399371095
6209,0.893240505163693
6210,0.861019373473153
6211,0.856762181479522
6212,0.874653402683401
6213,0.899716905165482
6214,0.882695125545599
6215,0.865096063085524
6216,0.890050700341061
6217,0.831977214826003
6218,0.863900150151996
6219,0.916886113207818
6220,0.91552673753123
6221,0.898618318867562
6222,0.873383515988511
6223,0.833827089891015
6224,0.816981956506646
6225,0.893783555474517
6226,0.912122629605021
6227,0.898996540056634
6228,0.853520627430211
6229,0.829672448157377
6230,0.88542583814171
6231,0.86115501977525
6232,0.888611705859585
6233,0.897894951825643
6234,0.876245658966746
6235,0.86903205832319
6236,0.911926656340995
6237,0.91277916230235
6238,0.898150327107185
6239,0.897842319127529
6240,0.896027117819443
6241,0.863310845091304
6242,0.810305604746678
6243,0.908451021721444
6244,0.8581188146331
6245,0.886113082137118
6246,0.845862846914846
6247,0.848741412652685
6248,0.827719607099042
6249,0.909816703965601
6250,0.906264830425262
6251,0.877790197360051
6252,0.875171503388445
6253,0.931169108835535
6254,0.896290437393937
6255,0.912767524337632
6256,0.874643164442283
6257,0.901268987731485
6258,0.87891593675444
6259,0.884457662509843
6260,0.866748404392868
6261,0.886319589699813
6262,0.85980289625715
6263,0.864601922135679
6264,0.869629990846699
6265,0.893697688845352
6266,0.872748019054342
6267,0.907995605349107
6268,0.899547224207583
6269,0.887104939103537
6270,0.86479205192819
6271,0.885678412511619
6272,0.870671998694453
6273,0.860207359461665
6274,0.876216357362179
6275,0.858434141463173
6276,0.860502975730671
6277,0.838737716305905
6278,0.832187222361425
6279,0.852722184350662
6280,0.856055795006782
6281,0.846880703823048
6282,0.886054267908882
6283,0.889975332330624
6284,0.871320012098738
6285,0.819952617006193
6286,0.851161693686699
6287,0.843196692879965
6288,0.894759725090859
6289,0.893934319363563
6290,0.890185984852097
6291,0.880326674628573
6292,0.90312359939024
6293,0.831668716843151
6294,0.886100244356303
6295,0.855204706023443
6296,0.851973629811633
6297,0.849155963938117
6298,0.848890592851773
6299,0.89938537839344
6300,0.903293543394621
6301,0.889293707643407
6302,0.901678447716608
6303,0.849810222993969
6304,0.860045233662967
6305,0.894179657028044
6306,0.901083739859015
6307,0.893547574980895
6308,0.907650815722814
6309,0.916434597364942
6310,0.895768594168137
6311,0.880156614215816
6312,0.891597628812588
6313,0.847122774373822
6314,0.913179590765802
6315,0.915740419704425
6316,0.884860881810657
6317,0.917901399868606
6318,0.901006518148695
6319,0.93180966513711
6320,0.890891734931297
6321,0.892460033971222
6322,0.863051635915119
6323,0.870125856342942
6324,0.881830615757166
6325,0.859875249700552
6326,0.851103549886155
6327,0.880278222603899
6328,0.881129440394713
6329,0.880176411668551
6330,0.875698828663963
6331,0.896436008187192
6332,0.907875796347717
6333,0.90042652987062
6334,0.889575113442461
6335,0.891454307778341
6336,0.895937395783891
6337,0.875369644180472
6338,0.87771610875143
6339,0.876888979248524
6340,0.79707558586568
6341,0.894769909122966
6342,0.898201078215398
6343,0.889967716307815
6344,0.92676556258601
6345,0.925365888584206
6346,0.898357847153364
6347,0.913400200020609
6348,0.90461254229861
6349,0.863643526756534
6350,0.868428497798149
6351,0.897393360775797
6352,0.854320062224809
6353,0.857475698433356
6354,0.87352652464448
6355,0.870350621867034
6356,0.886032050503663
6357,0.912497846025875
6358,0.906615454827256
6359,0.886795166971416
6360,0.906157413939445
6361,0.8833627596493
6362,0.883554006561448
6363,0.874883298439641
6364,0.898638297648452
6365,0.920017083951374
6366,0.918034370790001
6367,0.891750417068812
6368,0.898862655394943
6369,0.884711619789207
6370,0.888951512450095
6371,0.887705917964757
6372,0.894045252025572
6373,0.85167516362944
6374,0.882237313743314
6375,0.866600751497543
6376,0.830841942216531
6377,0.907896422301532
6378,0.886983826528516
6379,0.87071384020489
6380,0.884045990257669
6381,0.798633690461951
6382,0.893001607209936
6383,0.850371612456293
6384,0.900826737239596
6385,0.847393828289069
6386,0.866425928745647
6387,0.847900455350762
6388,0.851518169280725
6389,0.861411519879329
6390,0.836585078713603
6391,0.871404723248277
6392,0.8779966320823
6393,0.885463884482479
6394,0.914725783346212
6395,0.903771003333637
6396,0.933200399184943
6397,0.885558077301247
6398,0.916814566614262
6399,0.883080793714287
6400,0.888929543699282
6401,0.873668563594157
6402,0.908380037356209
6403,0.900642284977463
6404,0.883977990162645
6405,0.909687168808069
6406,0.859579789336904
6407,0.867365058507963
6408,0.815020578804407
6409,0.793059711993092
6410,0.914184705965556
6411,0.917832779635745
6412,0.938950897419588
6413,0.873305113635179
6414,0.882569505996981
6415,0.874571629921754
6416,0.868325790486253
6417,0.836348776517435
6418,0.901383437613989
6419,0.849624435714573
6420,0.858205532059339
6421,0.857932609141255
6422,0.878709957642017
6423,0.866439426043923
6424,0.896485206185371
6425,0.843518088914471
6426,0.880161386586978
6427,0.840487405489509
6428,0.840087295238102
6429,0.86790563339212
6430,0.857908110096736
6431,0.895686663399358
6432,0.871002966469635
6433,0.873980856578422
6434,0.873932379726785
6435,0.860855762081889
6436,0.854801824124947
6437,0.868626636219516
6438,0.891147879993866
6439,0.814333609118277
6440,0.872097197510718
6441,0.892525410942618
6442,0.88572016408571
6443,0.888603128007904
6444,0.846416907314241
6445,0.893449690062253
6446,0.84630396383232
6447,0.844804493283548
6448,0.868981322804353
6449,0.845861768634247
6450,0.882820213481931
6451,0.879652270386876
6452,0.866905579552555
6453,0.862921531024075
6454,0.876851760954405
6455,0.893720398013873
6456,0.860899951626768
6457,0.867723265145884
6458,0.839260830323124
6459,0.823276182609888
6460,0.858119789744123
6461,0.838338159519825
6462,0.910218235340899
6463,0.843726548822205
6464,0.878556151886823
6465,0.908191702688695
6466,0.91449517010059
6467,0.893685235017107
6468,0.815767199789536
6469,0.876985572473331
6470,0.834429248719676
6471,0.870072479272871
6472,0.795524983686287
6473,0.899924560746217
6474,0.878475377431252
6475,0.865109265869845
6476,0.868185297149261
6477,0.837867151406492
6478,0.851079342683382
6479,0.859326538776721
6480,0.827020818147407
6481,0.830989693115835
6482,0.837446269278633
6483,0.844284336131905
6484,0.870920352586946
6485,0.848201710562494
6486,0.885533916756791
6487,0.89932955703807
6488,0.855553191549174
6489,0.873594968852742
6490,0.862831975954111
6491,0.886166134704095
6492,0.85598386683744
6493,0.894148405268196
6494,0.842407063932307
6495,0.89009704142522
6496,0.873964466204244
6497,0.847480969025679
6498,0.890127577006094
6499,0.915672071850318
6500,0.90391567301469
6501,0.884673190921387
6502,0.91301012027853
6503,0.923244545169885
6504,0.915263472625844
6505,0.908002292776569
6506,0.896505488692677
6507,0.866474386907456
6508,0.896320189523656
6509,0.846284824362082
6510,0.883274814730706
6511,0.860320064932416
6512,0.864237643942787
6513,0.877216193534535
6514,0.879028749821849
6515,0.897376089950399
6516,0.882811201146017
6517,0.907291517508446
6518,0.877833608754414
6519,0.885516820374759
6520,0.848418109352787
6521,0.881833599835994
6522,0.847552242831021
6523,0.875364036300699
6524,0.917143958069788
6525,0.887144963121767
6526,0.890791589560638
6527,0.908944150901078
6528,0.888500538995745
6529,0.912874190193041
6530,0.839638461353253
6531,0.928658512071234
6532,0.87308389067878
6533,0.93553485211821
6534,0.85531246634817
6535,0.864300664262484
6536,0.921083594963488
6537,0.879662330303948
6538,0.896770852107063
6539,0.844516061365351
6540,0.86962173169899
6541,0.866222879114625
6542,0.882006503880707
6543,0.86812512230222
6544,0.866301770769415
6545,0.884425203184752
6546,0.85832777770004
6547,0.863207186594558
6548,0.849244192358082
6549,0.826775442352233
6550,0.815076070540103
6551,0.811997755259348
6552,0.847902420846634
6553,0.817723433055217
6554,0.856666851149558
6555,0.806038434891474
6556,0.808138575390725
6557,0.836642816069866
6558,0.897619973398679
6559,0.871370286227943
6560,0.857296010910755
6561,0.891559049002456
6562,0.884127822256515
6563,0.85854978667015
6564,0.912385942764038
6565,0.946563180539855
6566,0.871902000211044
6567,0.853929218534162
6568,0.861736996102301
6569,0.894998661244567
6570,0.855150349751704
6571,0.857271730650753
6572,0.904890664192352
6573,0.863872017511321
6574,0.87228295956021
6575,0.910830568734865
6576,0.796872627235763
6577,0.848510896517842
6578,0.842421691580327
6579,0.86527088989282
6580,0.900827685025368
6581,0.861606865337489
6582,0.896906043952585
6583,0.895529824219142
6584,0.919198269919728
6585,0.887963066103492
6586,0.859680274368925
6587,0.86418823549451
6588,0.8874128658567
6589,0.857806060215905
6590,0.889031492248147
6591,0.885005989035369
6592,0.903276701561481
6593,0.889003027142331
6594,0.880205344011845
6595,0.886983160592521
6596,0.88293778699217
6597,0.880764740082592
6598,0.906982400209814
6599,0.894397585214206
6600,0.8504994551219
6601,0.82753655398862
6602,0.866080108906354
6603,0.934534857114756
6604,0.931832855845505
6605,0.852417862220231
6606,0.911077232476315
6607,0.922811887339355
6608,0.911355310049146
6609,0.885810117940176
6610,0.862268949917333
6611,0.837465604352678
6612,0.879696742376523
6613,0.856021677198833
6614,0.87268536275339
6615,0.870433582906927
6616,0.850563650506247
6617,0.85037185566073
6618,0.884921430455322
6619,0.887140668349654
6620,0.900933597225397
6621,0.880831175933676
6622,0.909015837662603
6623,0.850025809483516
6624,0.861011441508084
6625,0.876037208822916
6626,0.889527299042259
6627,0.861965444100889
6628,0.891976419273463
6629,0.87351864420074
6630,0.843271030665726
6631,0.903353074067418
6632,0.826947276332262
6633,0.819840277842353
6634,0.911444284884657
6635,0.915220117828673
6636,0.82676572214621
6637,0.89186631945598
6638,0.870475997946737
6639,0.8727778242925
6640,0.895047808256372
6641,0.887023257653498
6642,0.861877356834242
6643,0.892468536425619
6644,0.896497880095639
6645,0.896538196110312
6646,0.874209447351695
6647,0.902112035190861
6648,0.853631370402498
6649,0.883442751991329
6650,0.898141155844267
6651,0.895712479594786
6652,0.904881347553059
6653,0.913972992465404
6654,0.894932176949085
6655,0.860913231831408
6656,0.904159837946122
6657,0.868686595453364
6658,0.888468872647011
6659,0.883891357825614
6660,0.900551659148405
6661,0.8997690968894
6662,0.895777025982545
6663,0.887253022343294
6664,0.915085801998324
6665,0.88931063037403
6666,0.891389151279102
6667,0.89659120222245
6668,0.907530512738905
6669,0.861841636621157
6670,0.866302322512997
6671,0.852815233584594
6672,0.874578271511683
6673,0.860273955269842
6674,0.84235010853228
6675,0.835145142163009
6676,0.826510651723789
6677,0.862541098912938
6678,0.840095309700477
6679,0.88578030030717
6680,0.820462112180592
6681,0.883835901099132
6682,0.842179053797811
6683,0.837854835308434
6684,0.86526758410312
6685,0.853986186439587
6686,0.868548898440132
6687,0.906849643523575
6688,0.876614525988212
6689,0.901818414694891
6690,0.807721512474156
6691,0.867437555662192
6692,0.865317006040474
6693,0.873304204917606
6694,0.846250759084993
6695,0.842186672337442
6696,0.853471400414544
6697,0.835803058158648
6698,0.858055550742422
6699,0.894625127289767
6700,0.90008230984264
6701,0.893559898941335
6702,0.867250581182456
6703,0.888188617597597
6704,0.837224549594641
6705,0.91923587719036
6706,0.870603617253677
6707,0.890196171335692
6708,0.870341678816362
6709,0.850774773449076
6710,0.85215189177508
6711,0.85700214210129
6712,0.870519835117697
6713,0.876654280928425
6714,0.921653985849002
6715,0.899266133577177
6716,0.895012098095814
6717,0.883242950964831
6718,0.877200183544868
6719,0.872200954321666
6720,0.852246565713264
6721,0.912366708013559
6722,0.890043539839828
6723,0.882239764725756
6724,0.92499703531664
6725,0.858228453988714
6726,0.871284062706623
6727,0.835819245984799
6728,0.871860571767766
6729,0.852918637609136
6730,0.875760995529833
6731,0.872199327865043
6732,0.865013513325556
6733,0.863518334031907
6734,0.858789965709668
6735,0.879803459122713
6736,0.837945420093628
6737,0.857891627174222
6738,0.88301729377851
6739,0.909380470638878
6740,0.912257007839952
6741,0.854020823066182
6742,0.906400707219328
6743,0.868960992317811
6744,0.882386734026063
6745,0.874954876926537
6746,0.863170730030925
6747,0.885216397101946
6748,0.859850565582335
6749,0.860294193936937
6750,0.87414497323321
6751,0.895933280354543
6752,0.927273867396862
6753,0.901811385630633
6754,0.880370100384895
6755,0.838823728162433
6756,0.872398593364262
6757,0.883717930667564
6758,0.836987501086666
6759,0.902906186433058
6760,0.768156727265971
6761,0.850538786847295
6762,0.869700653664496
6763,0.850198330345372
6764,0.87835457046521
6765,0.819929517636951
6766,0.87047729509476
6767,0.826711985917613
6768,0.8121588016635
6769,0.885815518471565
6770,0.86462628204559
6771,0.88060429098213
6772,0.894591918876664
6773,0.862511745203232
6774,0.813679323112308
6775,0.828501017992068
6776,0.82314604876474
6777,0.831485080064279
6778,0.879020007489657
6779,0.880041451189583
6780,0.876083275027883
6781,0.867258930994915
6782,0.917422896144214
6783,0.898740239423604
6784,0.930261945875065
6785,0.868838251939461
6786,0.933335000610544
6787,0.86159518190111
6788,0.87648767050648
6789,0.850186971580773
6790,0.878279077159607
6791,0.89917631352899
6792,0.829223732507217
6793,0.887453215354733
6794,0.884745207648806
6795,0.894913893167892
6796,0.879121551849401
6797,0.876256148618806
6798,0.913159103226879
6799,0.895247037974926
6800,0.913350945093296
6801,0.872535902960592
6802,0.881881329490179
6803,0.938898021933377
6804,0.88012885950525
6805,0.92718723845075
6806,0.883401741933177
6807,0.888178471538552
6808,0.87008312902198
6809,0.887043209783587
6810,0.882158502973119
6811,0.896246007401626
6812,0.847715058887393
6813,0.882513955574615
6814,0.822274735848284
6815,0.872426919357056
6816,0.887259126580542
6817,0.861674366870886
6818,0.861916055063082
6819,0.84690941558179
6820,0.869416750224962
6821,0.869509894107124
6822,0.880780673452396
6823,0.889077784011893
6824,0.828060581092884
6825,0.88474067506784
6826,0.851022395013525
6827,0.890494061752556
6828,0.886660310137851
6829,0.872004377722688
6830,0.864249491190543
6831,0.882403631036414
6832,0.855827351556954
6833,0.875507055046266
6834,0.888768836764622
6835,0.894754914589906
6836,0.894023547675313
6837,0.899584452551848
6838,0.919635908389784
6839,0.883446431275029
6840,0.910855506385078
6841,0.899034764838898
6842,0.876162594559563
6843,0.887603798833042
6844,0.91009475261077
6845,0.828053185204713
6846,0.852602787066054
6847,0.8264178384843
6848,0.876746657342974
6849,0.866259697601748
6850,0.8594686934475
6851,0.884826158691594
6852,0.874641611946089
6853,0.889022588440672
6854,0.901049079703168
6855,0.895963036887153
6856,0.889773149404896
6857,0.868601148428111
6858,0.890663633252601
6859,0.893541837944832
6860,0.899605988786619
6861,0.886233345323407
6862,0.881471317587725
6863,0.903126794753694
6864,0.908612261711792
6865,0.910693706538031
6866,0.89752964154969
6867,0.917762049358868
6868,0.843726743243952
6869,0.920674945915569
6870,0.896699853452791
6871,0.902340136184961
6872,0.910758120265648
6873,0.873811283602006
6874,0.865239821611832
6875,0.90534963186082
6876,0.861241949740351
6877,0.903834366207369
6878,0.905051328540425
6879,0.858537105747209
6880,0.899478238690482
6881,0.878816219898508
6882,0.894503472890888
6883,0.864056078475816
6884,0.877190452866144
6885,0.878734641010289
6886,0.889752497388675
6887,0.896534228735711
6888,0.830863714518154
6889,0.899055299242761
6890,0.861131697818799
6891,0.89023597820513
6892,0.853280329584039
6893,0.892368139804737
6894,0.8758647476268
6895,0.896013509717445
6896,0.923866885218043
6897,0.901106942131798
6898,0.872497327274693
6899,0.876511870084552
6900,0.828784573886115
6901,0.894333000634881
6902,0.856265983588657
6903,0.857418893911993
6904,0.883319268017844
6905,0.92298237550872
6906,0.89468384892994
6907,0.877622113185457
6908,0.844753691441305
6909,0.891963350340613
6910,0.884159664776785
6911,0.895913192082925
6912,0.899755130102033
6913,0.881664070017358
6914,0.873705255060638
6915,0.87254857935431
6916,0.866602520968646
6917,0.854366996045904
6918,0.86950574348014
6919,0.836530975605234
6920,0.890338070018922
6921,0.847431803832275
6922,0.880207184820632
6923,0.867104769181574
6924,0.869496400673125
6925,0.875933427542411
6926,0.868772560108811
6927,0.829154645928379
6928,0.865077278268843
6929,0.845602012254977
6930,0.856250609470263
6931,0.880164901260933
6932,0.903237414856147
6933,0.883251745634828
6934,0.890214000582621
6935,0.851013281041446
6936,0.914017746743838
6937,0.912566819260008
6938,0.905563848942141
6939,0.888241435291153
6940,0.90317678603674
6941,0.880937724899155
6942,0.884718103113913
6943,0.871364037180572
6944,0.878968622562083
6945,0.860234693162049
6946,0.846269139182742
6947,0.879738440937506
6948,0.873743433569315
6949,0.860909671881634
6950,0.905234521112135
6951,0.879744486604137
6952,0.882139168785565
6953,0.907271699894182
6954,0.845389728732715
6955,0.83242310211667
6956,0.874131956606136
6957,0.857720351380364
6958,0.83508395668827
6959,0.91593818571366
6960,0.868809667293445
6961,0.88700288401665
6962,0.857277784695839
6963,0.872549488168811
6964,0.825435659790496
6965,0.886980873222604
6966,0.86877074072763
6967,0.906067333368579
6968,0.87619325081952
6969,0.850633698523641
6970,0.867930519282279
6971,0.879327188894029
6972,0.905096652260391
6973,0.898155347413101
6974,0.918025566330914
6975,0.891387762876383
6976,0.893234329213737
6977,0.906922245912263
6978,0.881654648705029
6979,0.898470346378167
6980,0.891349672558865
6981,0.893486765841596
6982,0.892558175711294
6983,0.90123562909168
6984,0.894355267496414
6985,0.856031249050577
6986,0.879182495940473
6987,0.887785736966736
6988,0.881699820767449
6989,0.860752708566211
6990,0.84356515834043
6991,0.864553945588809
6992,0.855370582423694
6993,0.861809880644644
6994,0.87473279308264
6995,0.897969200293486
6996,0.878502001473224
6997,0.84626491307492
6998,0.849628461384196
6999,0.879050158145964
7000,0.887480014804681
7001,0.890960933364996
7002,0.909695663481981
7003,0.893108698538255
7004,0.907360500051688
7005,0.879453120038105
7006,0.862038133947992
7007,0.917680097692105
7008,0.863835305469623
7009,0.896577071257645
7010,0.80568777122502
7011,0.844074818647159
7012,0.909958036852411
7013,0.862120582073762
7014,0.873751742320728
7015,0.845135156131815
7016,0.838394602355328
7017,0.860526387801473
7018,0.908426633634561
7019,0.830419190999272
7020,0.873604878986117
7021,0.895881005430181
7022,0.869114164652226
7023,0.864156580168958
7024,0.81816352154324
7025,0.874423338818326
7026,0.875861256805888
7027,0.869539673048964
7028,0.888553699466008
7029,0.870237376865537
7030,0.86961723311779
7031,0.813702345236862
7032,0.906187121511023
7033,0.898792811175305
7034,0.865461309459695
7035,0.884457176924512
7036,0.859283944628845
7037,0.846323972609296
7038,0.890404417398606
7039,0.850024237077245
7040,0.917207083520159
7041,0.909504496171444
7042,0.848628327376842
7043,0.922402191858156
7044,0.854023084110935
7045,0.866839269505461
7046,0.882762751780002
7047,0.891072288205136
7048,0.891124853667345
7049,0.874008445711667
7050,0.913090595739317
7051,0.880398390477271
7052,0.875572416527807
7053,0.904291017989017
7054,0.894121938002517
7055,0.905508924502809
7056,0.914458348697459
7057,0.900361635228646
7058,0.892503168804298
7059,0.849030167009141
7060,0.86893637477072
7061,0.884290193870888
7062,0.882455619556238
7063,0.924516909429533
7064,0.845871223084197
7065,0.834761033691929
7066,0.845323851973829
7067,0.809533401398952
7068,0.902518120840405
7069,0.838493195717587
7070,0.90205198788696
7071,0.843094211952091
7072,0.854479041025046
7073,0.864225039711555
7074,0.898398895212604
7075,0.896405510402453
7076,0.907441713186581
7077,0.903349240618863
7078,0.868702776785212
7079,0.883885392032289
7080,0.843066744930205
7081,0.875353010706264
7082,0.876804849415383
7083,0.925838443286719
7084,0.892329508091914
7085,0.894743388212238
7086,0.897213395310048
7087,0.898990220562561
7088,0.874575250893253
7089,0.876097724976576
7090,0.865861352627604
7091,0.885563484692686
7092,0.897838432578121
7093,0.853936129620534
7094,0.895455371646096
7095,0.880714238647457
7096,0.89483709131366
7097,0.884254973441868
7098,0.8922401501543
7099,0.893495497397506
7100,0.884077884262475
7101,0.903337880031196
7102,0.874131189370267
7103,0.889138955227945
7104,0.838594094211269
7105,0.911268222511016
7106,0.829482164043361
7107,0.848894696005061
7108,0.870917785095267
7109,0.88795729113452
7110,0.892332507232813
7111,0.88184995026868
7112,0.897985967917236
7113,0.876659045868354
7114,0.836261676038654
7115,0.921067606106922
7116,0.910861108707316
7117,0.912564708403584
7118,0.865576431504654
7119,0.868971446357685
7120,0.876736029352346
7121,0.871870725606055
7122,0.901377694136921
7123,0.83752009960816
7124,0.856353742398923
7125,0.876593790531535
7126,0.874147316036785
7127,0.877708126319573
7128,0.845292443662456
7129,0.831551047714841
7130,0.865423983652883
7131,0.886395534151937
7132,0.91216888031254
7133,0.876777566365632
7134,0.884889872611897
7135,0.914917619805204
7136,0.883878354639135
7137,0.873859109471466
7138,0.898365935638258
7139,0.865904429341677
7140,0.869779310073112
7141,0.892471957510825
7142,0.875287251675194
7143,0.842661038144818
7144,0.914214265757469
7145,0.850608235302994
7146,0.911106895137784
7147,0.825425909145758
7148,0.884210214420098
7149,0.911407506910727
7150,0.892898030684237
7151,0.878319979046901
7152,0.872224747032708
7153,0.855551380659774
7154,0.87196528900904
7155,0.882041007746068
7156,0.89626994983731
7157,0.90410069652418
7158,0.878252209778742
7159,0.911190910626966
7160,0.876052098306681
7161,0.875834338197448
7162,0.895307484025189
7163,0.86453895663092
7164,0.896669076364878
7165,0.881478810728925
7166,0.902018886820911
7167,0.888324157304868
7168,0.939368568185581
7169,0.872978196299879
7170,0.901096886586436
7171,0.873703862896716
7172,0.870869198719021
7173,0.881875813658504
7174,0.902738274207817
7175,0.850625900248273
7176,0.928633660557841
7177,0.889680355316805
7178,0.893211279736021
7179,0.906310740051378
7180,0.871013061370684
7181,0.867103393877817
7182,0.894991029828215
7183,0.898862738099198
7184,0.8318668156321
7185,0.896635231692502
7186,0.875531028940888
7187,0.881478772924258
7188,0.869089751474863
7189,0.889868780926639
7190,0.867623960186423
7191,0.908842235660835
7192,0.89180789914581
7193,0.902157141053684
7194,0.912465967131349
7195,0.890366097176755
7196,0.847179285628902
7197,0.911498614381256
7198,0.906086511553206
7199,0.867310216995041
7200,0.906076096496534
7201,0.869347344903625
7202,0.893850978145042
7203,0.88539112584226
7204,0.89695454522649
7205,0.875021820332367
7206,0.890358509809608
7207,0.866706662147756
7208,0.871270981325274
7209,0.876399812383486
7210,0.877168547864448
7211,0.881121050474586
7212,0.905086066717981
7213,0.864959549125063
7214,0.846873001734365
7215,0.890612347444094
7216,0.875922776461109
7217,0.861540496546246
7218,0.887989893841302
7219,0.878098637135693
7220,0.889023259511864
7221,0.931555248250659
7222,0.897107556849033
7223,0.880645652931639
7224,0.950329884709959
7225,0.912315235233171
7226,0.899098488130658
7227,0.917877936915424
7228,0.904670960628075
7229,0.889877103392047
7230,0.922608412212334
7231,0.844058535097077
7232,0.927718716491834
7233,0.87332618111998
7234,0.886741976408889
7235,0.897370199133499
7236,0.865839053643378
7237,0.88708962710251
7238,0.842423042272772
7239,0.905795134888165
7240,0.859419336814081
7241,0.91297078114034
7242,0.902280853841912
7243,0.915637371174358
7244,0.877051645463597
7245,0.919153341740531
7246,0.870678926207095
7247,0.873490112341985
7248,0.854402966054431
7249,0.876846351933637
7250,0.844254975757589
7251,0.882973562365971
7252,0.838367801281904
7253,0.90232009155485
7254,0.86412098093745
7255,0.867271656635376
7256,0.855328996521384
7257,0.877098985198337
7258,0.875047760464594
7259,0.859304606549894
7260,0.848902789610568
7261,0.910337861952486
7262,0.898844984215847
7263,0.90328598271779
7264,0.873548982429291
7265,0.886960699999252
7266,0.896571226836085
7267,0.882671826929628
7268,0.866245965050658
7269,0.897185930434339
7270,0.883783839341305
7271,0.878477084379398
7272,0.900157539032104
7273,0.905376129055108
7274,0.909308001423915
7275,0.877283065987891
7276,0.874906840483931
7277,0.896789739951932
7278,0.879538422972075
7279,0.820525908531168
7280,0.857151776172959
7281,0.86308767833512
7282,0.883293901702305
7283,0.848596413635598
7284,0.855935883065667
7285,0.847199880707095
7286,0.876897770986349
7287,0.898604278449056
7288,0.851428008883248
7289,0.840893354528799
7290,0.918899768554735
7291,0.866746321599578
7292,0.880036605412083
7293,0.900597781867152
7294,0.917913352288961
7295,0.87575526710301
7296,0.891610402233815
7297,0.856512816164687
7298,0.897286423709701
7299,0.868846298392788
7300,0.825454540624404
7301,0.908859960837435
7302,0.832863007287648
7303,0.874215135962428
7304,0.862936653337528
7305,0.88760254521646
7306,0.904454209479284
7307,0.878278240233986
7308,0.85696060267837
7309,0.874442263784803
7310,0.904806232792675
7311,0.873276294467525
7312,0.951218534088487
7313,0.908029888150622
7314,0.86567375442771
7315,0.912605404017118
7316,0.846761163679819
7317,0.908765037197337
7318,0.886842023034139
7319,0.897054465176186
7320,0.894069055457531
7321,0.90577735053179
7322,0.893705467927062
7323,0.882573749248467
7324,0.831679952722206
7325,0.820481148435233
7326,0.863198123906468
7327,0.84245150600288
7328,0.848003302469779
7329,0.873253059585709
7330,0.858642832313883
7331,0.843083543221613
7332,0.868949725338352
7333,0.85749397411098
7334,0.847006406911233
7335,0.888782433737241
7336,0.890985697052441
7337,0.895490930500249
7338,0.871747002212813
7339,0.891365653131605
7340,0.886250095010109
7341,0.919053057827692
7342,0.859375219346156
7343,0.887676265698133
7344,0.870404157343015
7345,0.847198626086552
7346,0.824746982496794
7347,0.908668905385007
7348,0.90906789646593
7349,0.905220362887458
7350,0.902064949750659
7351,0.861893966533513
7352,0.87330629074594
7353,0.879223480908219
7354,0.901400709959466
7355,0.89880574108074
7356,0.920788972216675
7357,0.869302222533214
7358,0.896217787123504
7359,0.884640546781728
7360,0.85163793075094
7361,0.893378595629512
7362,0.901569307678621
7363,0.883452050885177
7364,0.90189978529613
7365,0.857334597841807
7366,0.858506214929812
7367,0.927308957882383
7368,0.905559171327899
7369,0.891706318767144
7370,0.914927311737415
7371,0.89569387061191
7372,0.877540247649645
7373,0.913483402258614
7374,0.865185897954033
7375,0.862716919007561
7376,0.896775488003121
7377,0.886099581692847
7378,0.920411993220288
7379,0.904128774270879
7380,0.896371208607572
7381,0.874360266872041
7382,0.899672934791314
7383,0.878348311752177
7384,0.887786754876554
7385,0.857877110428823
7386,0.887349707707067
7387,0.87731359849958
7388,0.858958207013026
7389,0.84334761825811
7390,0.844682248414594
7391,0.864541165522294
7392,0.877124247369091
7393,0.874506208527351
7394,0.866373242230662
7395,0.902442730548253
7396,0.83390170880127
7397,0.889118961878934
7398,0.861265974860152
7399,0.87988505046324
7400,0.902275742780961
7401,0.864994897752874
7402,0.89064848566858
7403,0.868777672111306
7404,0.872760060764191
7405,0.883955827726306
7406,0.916384176664538
7407,0.90630075404871
7408,0.908031244827932
7409,0.908657767649045
7410,0.864710670248306
7411,0.87258408465667
7412,0.887913859617257
7413,0.894037231303901
7414,0.897240105994226
7415,0.883892317843246
7416,0.881810928354145
7417,0.863859340677056
7418,0.870873741367589
7419,0.858988187321533
7420,0.900583542832934
7421,0.901399330175873
7422,0.831703220652529
7423,0.880450766944579
7424,0.897707513746479
7425,0.892597476523422
7426,0.895500077746526
7427,0.912641868964515
7428,0.936842208257074
7429,0.845361931562302
7430,0.850509899478291
7431,0.849257510981086
7432,0.888305978520671
7433,0.896877499952815
7434,0.903562507638281
7435,0.900182742882078
7436,0.900238844116005
7437,0.908887110806626
7438,0.897328832511843
7439,0.89031149727978
7440,0.902201331411022
7441,0.928385729453413
7442,0.864515887084735
7443,0.827018510566767
7444,0.856569984300605
7445,0.861931759994269
7446,0.881002773576029
7447,0.870536497449782
7448,0.906418370283464
7449,0.891792461277316
7450,0.867813321376453
7451,0.869046819354391
7452,0.872468750871164
7453,0.888491170782861
7454,0.887947258803541
7455,0.87620471203624
7456,0.854638299048258
7457,0.88480718345609
7458,0.863749398171475
7459,0.836991455374619
7460,0.825262957323931
7461,0.881126099616878
7462,0.87786647243835
7463,0.837738758190834
7464,0.868059558288306
7465,0.83882900450126
7466,0.837386612536323
7467,0.827873641616757
7468,0.855956735842718
7469,0.843684882091486
7470,0.896168905401346
7471,0.846773270265306
7472,0.910517037845219
7473,0.904156005604229
7474,0.871335590469954
7475,0.903290342787154
7476,0.844117176473183
7477,0.920163501509125
7478,0.8806535338029
7479,0.902823149101118
7480,0.867559324755538
7481,0.93197740264651
7482,0.833915906684128
7483,0.894059076924398
7484,0.870356477323786
7485,0.884146042253722
7486,0.885801136257187
7487,0.886683445763347
7488,0.874794484098063
7489,0.911885592763858
7490,0.906404351584899
7491,0.872340321425232
7492,0.912264624974897
7493,0.893687742136816
7494,0.892264934214236
7495,0.832841954517464
7496,0.846965803944346
7497,0.851189475731851
7498,0.858775622991398
7499,0.855094304353678
7500,0.90780795010331
7501,0.866048612192281
7502,0.893760208853346
7503,0.87732694169671
7504,0.857127414407144
7505,0.853727712621144
7506,0.876671053488421
7507,0.887211306051489
7508,0.876931178367392
7509,0.927471836818098
7510,0.932772080550693
7511,0.861325631064906
7512,0.89304945346011
7513,0.883409920198242
7514,0.853947004114613
7515,0.86407469074653
7516,0.846337062030281
7517,0.868203937299335
7518,0.872468295285534
7519,0.906621239135111
7520,0.842419602043422
7521,0.858236591574528
7522,0.840163704563341
7523,0.848705482549676
7524,0.864342134576068
7525,0.871298985168271
7526,0.921213608242024
7527,0.85802871250822
7528,0.910541017387925
7529,0.89515782991253
7530,0.877468476058353
7531,0.864965512455802
7532,0.912487476580904
7533,0.90234308018761
7534,0.874520712165107
7535,0.889570412725869
7536,0.89966135123013
7537,0.84175722611136
7538,0.858761902599697
7539,0.865363881726748
7540,0.883935731407584
7541,0.86679006605979
7542,0.888045349504957
7543,0.883138077046011
7544,0.890168486207451
7545,0.86241284368
7546,0.908198988950698
7547,0.86757664615301
7548,0.889063871653173
7549,0.925475828837381
7550,0.913699498669031
7551,0.909132301703552
7552,0.842791664343645
7553,0.84315691481908
7554,0.878109850524735
7555,0.845832571401417
7556,0.901181556880942
7557,0.87531152000332
7558,0.865804942950303
7559,0.887387789071201
7560,0.913225578783403
7561,0.893453691831555
7562,0.866361073148937
7563,0.88910556284737
7564,0.831122866286735
7565,0.865382334769693
7566,0.895177058733838
7567,0.881877450790172
7568,0.896363749616018
7569,0.883141479208584
7570,0.878770784271214
7571,0.877179455519595
7572,0.83695614572622
7573,0.843897228646762
7574,0.880253080341293
7575,0.830884626315345
7576,0.792727900513997
7577,0.86241018571445
7578,0.827324316886417
7579,0.854756487675292
7580,0.840979391238703
7581,0.850914529437295
7582,0.83963911949493
7583,0.845118634978197
7584,0.858779782567176
7585,0.852883084162508
7586,0.807795322582128
7587,0.86742342809664
7588,0.847604180680742
7589,0.818520283269281
7590,0.880212647533051
7591,0.871148134469426
7592,0.876370994789667
7593,0.882771796666472
7594,0.896234663279735
7595,0.867256322514928
7596,0.891219220392347
7597,0.820386733061963
7598,0.823253955055414
7599,0.803733053813528
7600,0.815151347359961
7601,0.83457037476144
7602,0.862293018381923
7603,0.855922792698191
7604,0.867586381914314
7605,0.850527445877604
7606,0.826839827506665
7607,0.862484557665808
7608,0.850098345532954
7609,0.867884446330677
7610,0.876456196598024
7611,0.875812032644049
7612,0.907833317048292
7613,0.867426085520837
7614,0.894007639994477
7615,0.855609164882778
7616,0.888682808663741
7617,0.852090221037665
7618,0.873253737810039
7619,0.884460991296426
7620,0.891030273945667
7621,0.857886545727794
7622,0.890244026368487
7623,0.899360396823685
7624,0.890112452351836
7625,0.88800093389292
7626,0.835305767744688
7627,0.882626371202938
7628,0.891609196396703
7629,0.900063735744875
7630,0.855407114573891
7631,0.859741307885633
7632,0.871929021374042
7633,0.848941867541674
7634,0.846231971007557
7635,0.908638282471512
7636,0.897941302869473
7637,0.855086076831707
7638,0.919660328328817
7639,0.873066410205985
7640,0.915207997001212
7641,0.915612456858151
7642,0.878719713896878
7643,0.918856741768146
7644,0.904238385833445
7645,0.88420699532985
7646,0.899528126014719
7647,0.882273398440517
7648,0.88177790274906
7649,0.886238199439933
7650,0.907900917791638
7651,0.899416778483468
7652,0.932693089340805
7653,0.842528089392565
7654,0.868000149751492
7655,0.851459614652599
7656,0.82390927262544
7657,0.815375806600557
7658,0.862291699902179
7659,0.813846920863908
7660,0.852670658367488
7661,0.891922399329663
7662,0.889911829666964
7663,0.858162999424076
7664,0.889144549451723
7665,0.884264068939786
7666,0.86368079504775
7667,0.872847504283836
7668,0.916550643317585
7669,0.885881413047356
7670,0.901030830511784
7671,0.877424907712879
7672,0.89275466013153
7673,0.892055000848602
7674,0.844069356997298
7675,0.902805204517271
7676,0.882021378863623
7677,0.871218461830244
7678,0.907060128243999
7679,0.867427439331107
7680,0.869495929364391
7681,0.85417058124696
7682,0.843018045315346
7683,0.874802616645258
7684,0.830593818406047
7685,0.859730677155394
7686,0.847003540964141
7687,0.857901601480092
7688,0.867667465456185
7689,0.873204558464078
7690,0.900564653411107
7691,0.882921863610979
7692,0.869395329852438
7693,0.889373795539954
7694,0.817169153894819
7695,0.876353142827102
7696,0.867901687310433
7697,0.877952366921828
7698,0.899986392559879
7699,0.880568384230852
7700,0.878498719886453
7701,0.874167863110551
7702,0.909826188292415
7703,0.895975259455652
7704,0.906098558241733
7705,0.896845488191178
7706,0.899149739732764
7707,0.862955985580032
7708,0.86119476610832
7709,0.891667846742366
7710,0.884455170270218
7711,0.902010209396002
7712,0.863138426417615
7713,0.895859504818774
7714,0.907102002926236
7715,0.870202850281348
7716,0.919716547434238
7717,0.912979080259044
7718,0.943552874097906
7719,0.934051731545492
7720,0.921919617491064
7721,0.894454935382006
7722,0.942866148760089
7723,0.917148128021671
7724,0.8675309858219
7725,0.852410531545945
7726,0.897761944941478
7727,0.905787569763874
7728,0.842524950849504
7729,0.851655415718692
7730,0.851630491243229
7731,0.872417074765946
7732,0.904600244943878
7733,0.883332993286858
7734,0.899291485153679
7735,0.83794342622935
7736,0.882533898686623
7737,0.849440299538384
7738,0.897625597743668
7739,0.85858494432321
7740,0.870016348646057
7741,0.88216133823388
7742,0.842431750192794
7743,0.845154977912313
7744,0.838792581783976
7745,0.832030134421649
7746,0.839975818330829
7747,0.847999812892323
7748,0.840391068342592
7749,0.868212644321937
7750,0.845859260526434
7751,0.888695482672562
7752,0.85530489698673
7753,0.84825549066163
7754,0.881623657388967
7755,0.8924096528455
7756,0.874787782626833
7757,0.875375368576067
7758,0.862172448688393
7759,0.896656990704895
7760,0.840646942965261
7761,0.843168323433161
7762,0.906357469471397
7763,0.876066956718007
7764,0.869101649942648
7765,0.873976435710772
7766,0.875909918932022
7767,0.854188588736097
7768,0.869604284372876
7769,0.853786582918912
7770,0.88159200696209
7771,0.877454062112723
7772,0.898866198824759
7773,0.832703875861653
7774,0.915530918142864
7775,0.869025109531143
7776,0.910299764306708
7777,0.886277162412439
7778,0.899478687545358
7779,0.891606179284205
7780,0.885475593750644
7781,0.859890347755007
7782,0.880448997569067
7783,0.903374877116873
7784,0.889215679378126
7785,0.871347499818818
7786,0.898016013230069
7787,0.876052586716281
7788,0.903082076005492
7789,0.874930298395039
7790,0.89814297726208
7791,0.900788635980729
7792,0.921239996478048
7793,0.925992803667828
7794,0.935806133929917
7795,0.934327188288911
7796,0.858544779581031
7797,0.92042260411547
7798,0.887836180661061
7799,0.936254861379536
7800,0.879071923453571
7801,0.922809832109196
7802,0.799485065408151
7803,0.873307644162578
7804,0.85993526074363
7805,0.840263851948702
7806,0.841163523511097
7807,0.826871781154114
7808,0.847544020164187
7809,0.89632160208007
7810,0.896197808058645
7811,0.901265650969892
7812,0.90841114027755
7813,0.936627845297787
7814,0.923861279048101
7815,0.939822200191114
7816,0.901702778103388
7817,0.902893823700587
7818,0.85196895214605
7819,0.910045304072019
7820,0.78588228517538
7821,0.905402419342411
7822,0.856571818890188
7823,0.872053259874286
7824,0.860481354026223
7825,0.858351637116282
7826,0.863154479926167
7827,0.885568564581412
7828,0.906711954923026
7829,0.895190484812152
7830,0.897347227741184
7831,0.868944267537269
7832,0.889800267542333
7833,0.866126251455892
7834,0.866989474352987
7835,0.902909720260081
7836,0.866452417065195
7837,0.884851170327643
7838,0.885002881261916
7839,0.865409395811408
7840,0.887735926062967
7841,0.86711207811837
7842,0.915443432399925
7843,0.823619131951519
7844,0.90158151462315
7845,0.840740305042692
7846,0.89707427319492
7847,0.873604242797895
7848,0.87802997154982
7849,0.872841400976916
7850,0.866090253190261
7851,0.881343330720363
7852,0.889673121310369
7853,0.904935162934164
7854,0.857051930618999
7855,0.884276685905626
7856,0.890823830277858
7857,0.878705396798691
7858,0.851799060561691
7859,0.957373109506834
7860,0.923989465328328
7861,0.903709753986359
7862,0.881731109297638
7863,0.829094939687967
7864,0.854836845277738
7865,0.897407100475163
7866,0.853414670433083
7867,0.86412198133257
7868,0.886725007398087
7869,0.840859061089034
7870,0.866713488386597
7871,0.848288062579747
7872,0.868831937621212
7873,0.846280828547477
7874,0.906521842960721
7875,0.901897667178624
7876,0.915513489871053
7877,0.876841073624344
7878,0.923786999327104
7879,0.901471882104652
7880,0.831812133046966
7881,0.81577529815582
7882,0.830605663937283
7883,0.827697140615888
7884,0.903548927133472
7885,0.862037501153695
7886,0.867062384952368
7887,0.87455651569547
7888,0.89904884194963
7889,0.917295532845794
7890,0.894659071203331
7891,0.897146182081826
7892,0.895499941110694
7893,0.891870632450761
7894,0.908807539454205
7895,0.881778296306344
7896,0.901075558021483
7897,0.902666951502964
7898,0.860912892823351
7899,0.92601495570812
7900,0.886021864077128
7901,0.900848253680833
7902,0.902735094198226
7903,0.905085556582914
7904,0.884208757521178
7905,0.933161599244351
7906,0.855397663527772
7907,0.918374556623095
7908,0.795207808610691
7909,0.885379817939143
7910,0.857786955599592
7911,0.870645856614157
7912,0.871656000563925
7913,0.880160921273801
7914,0.859495055615111
7915,0.856745763333823
7916,0.891959469196367
7917,0.927343137113395
7918,0.939279465430287
7919,0.9011929470066
7920,0.918579848987905
7921,0.897266627243164
7922,0.833984089265455
7923,0.851302573675328
7924,0.857777824086515
7925,0.888024421717742
7926,0.876204128956673
7927,0.853239256752204
7928,0.903573348571012
7929,0.899348078158004
7930,0.894597259202599
7931,0.878126398463648
7932,0.888721979176472
7933,0.894942781786123
7934,0.899014692616966
7935,0.900466332828106
7936,0.863074343338969
7937,0.866452770759324
7938,0.89484568000813
7939,0.908785745099794
7940,0.917706901510694
7941,0.852538825922652
7942,0.893994532133443
7943,0.851469297805084
7944,0.867445417624122
7945,0.86772115409759
7946,0.868068767236331
7947,0.843579196382757
7948,0.89778582298623
7949,0.831885041066762
7950,0.853359584056333
7951,0.846569213023978
7952,0.884795248788079
7953,0.845216755908358
7954,0.921123825898525
7955,0.881298164371921
7956,0.877262421900431
7957,0.894041530155809
7958,0.888618904917513
7959,0.830358450261135
7960,0.809614676496035
7961,0.8750881722709
7962,0.897567058097358
7963,0.858354382729368
7964,0.865326231446654
7965,0.876722908903629
7966,0.890597955854867
7967,0.781711382782299
7968,0.834811928932588
7969,0.852433823052549
7970,0.898820199884258
7971,0.851985221635008
7972,0.906656908815886
7973,0.873998176791966
7974,0.908688200627093
7975,0.877156779966101
7976,0.881185464461741
7977,0.831627823848597
7978,0.873648082636816
7979,0.812050547865274
7980,0.855778846404513
7981,0.864864306559319
7982,0.877007458439966
7983,0.86664694698811
7984,0.872279849840595
7985,0.839306420146477
7986,0.856138756957246
7987,0.899175821677102
7988,0.919751995358215
7989,0.864966579730429
7990,0.895503764266758
7991,0.898965764642848
7992,0.879836571993183
7993,0.885957386495955
7994,0.884797383479098
7995,0.887830021316415
7996,0.866320847821867
7997,0.866489816623365
7998,0.882898035843743
7999,0.857000410007088
8000,0.914165840414091
