"draw","rank_one_fraction"
1,0.85852944551126
2,0.859956931183793
3,0.879224063624092
4,0.854901957023163
5,0.878627607635541
6,0.840965960990757
7,0.872444812610082
8,0.860451632421573
9,0.874833477599606
10,0.886900189347896
11,0.90366078500604
12,0.877550359797622
13,0.904271999026554
14,0.890932876856366
15,0.859680479901233
16,0.906865553349775
17,0.87156930002017
18,0.918287031554107
19,0.92516681298633
20,0.888762281353704
21,0.897329334071144
22,0.894473709372465
23,0.866784029827165
24,0.864943391809003
25,0.905352205787977
26,0.856831157960935
27,0.870913060798501
28,0.898969030231816
29,0.881878307816662
30,0.864014046852847
31,0.85707077533695
32,0.860377998378573
33,0.876780480577911
34,0.867422218903668
35,0.848135492074085
36,0.899343973597295
37,0.876383073482154
38,0.868487368218893
39,0.86892568096375
40,0.900552111811548
41,0.883661113234701
42,0.845534816074499
43,0.911458931653684
44,0.90612401138802
45,0.852927101064007
46,0.875247994456541
47,0.873803807396801
48,0.886815712511856
49,0.904175155671766
50,0.893756203999698
51,0.85891297709186
52,0.86548531484774
53,0.866330764955046
54,0.913648769842925
55,0.855277545156226
56,0.884038077608459
57,0.901810097716709
58,0.874341209280356
59,0.938568785447825
60,0.945889701360123
61,0.917826546866317
62,0.909527279728061
63,0.904750377523813
64,0.90252897365594
65,0.868817628276873
66,0.860189471496231
67,0.890371227006747
68,0.873274993835399
69,0.88592104557982
70,0.90850983257956
71,0.938974086664487
72,0.932315525114823
73,0.874462944957117
74,0.927520084507134
75,0.895707152039206
76,0.946473496787578
77,0.911574389263955
78,0.860075184827216
79,0.885542059983012
80,0.84705350580863
81,0.871498890021269
82,0.914177337108574
83,0.897379204370937
84,0.914239580651011
85,0.878542087684536
86,0.909223289545821
87,0.832209799683878
88,0.918571114112929
89,0.898300972811126
90,0.88184748667335
91,0.923954340168706
92,0.87059325011214
93,0.897152761371852
94,0.883340233217773
95,0.896936274730747
96,0.902521687142447
97,0.871212811075887
98,0.872059075224648
99,0.887352030472096
100,0.875847885603198
101,0.885533779086152
102,0.891679889996527
103,0.882546580561668
104,0.875821364452553
105,0.914108654933061
106,0.870517980489032
107,0.90852832636667
108,0.897720170119558
109,0.874095943769821
110,0.91009962553206
111,0.854705771792697
112,0.885021630656932
113,0.902608596721777
114,0.882332650812878
115,0.925799140744384
116,0.90575034200224
117,0.921966794729264
118,0.89353208328787
119,0.879154041846353
120,0.880551800429916
121,0.808130447008327
122,0.857859044535782
123,0.847844110385257
124,0.862829343613814
125,0.90908937757066
126,0.84312693399063
127,0.801706053901291
128,0.891177215734327
129,0.861134519318344
130,0.883341407228185
131,0.875076386463645
132,0.859299962440609
133,0.870753555896327
134,0.914069280665815
135,0.879584393109305
136,0.89247210976314
137,0.909307327444997
138,0.93610351901263
139,0.935482289520409
140,0.936344583804532
141,0.859688556615264
142,0.87585249896474
143,0.882506828293271
144,0.90119214346442
145,0.901442948613703
146,0.899237722788104
147,0.8756231617061
148,0.892727490292471
149,0.887830149548821
150,0.88863023119884
151,0.882896417316948
152,0.890642831005269
153,0.918261018733001
154,0.878141540255136
155,0.906625731283707
156,0.90786653194821
157,0.908523263824902
158,0.918492164377088
159,0.93205469775221
160,0.885046982176291
161,0.894452371572877
162,0.862961297396356
163,0.888500337661003
164,0.85066892594272
165,0.880771501281356
166,0.886103762609788
167,0.860097261913569
168,0.88881164615588
169,0.848189818843311
170,0.897832153273664
171,0.858255231648045
172,0.863361483018068
173,0.853953503990276
174,0.898711896973355
175,0.896739546217037
176,0.874658364153648
177,0.923192849833231
178,0.91750264838268
179,0.895737308405204
180,0.928954690724018
181,0.862962268489038
182,0.917054030582031
183,0.899658235910228
184,0.880951540532967
185,0.872660250080143
186,0.861867107673737
187,0.896428327875741
188,0.894223706634117
189,0.87182485836581
190,0.9105010900142
191,0.862123034558134
192,0.919545015455672
193,0.846847977079564
194,0.875466478565647
195,0.830848349950407
196,0.827165901381959
197,0.903648422632558
198,0.879040927852431
199,0.890874733564847
200,0.906082968879496
201,0.916272046182446
202,0.903382021334571
203,0.922987932194958
204,0.917332400858342
205,0.904492041761163
206,0.896305957296368
207,0.920145881684171
208,0.919450417939356
209,0.920136311821499
210,0.872394641882981
211,0.875750304237941
212,0.872798964650896
213,0.891243132072107
214,0.775211186220217
215,0.921370440274308
216,0.860638452784065
217,0.816080143733853
218,0.81774197051666
219,0.911602383326542
220,0.856401851116522
221,0.868128121628342
222,0.858221355721423
223,0.916563873032863
224,0.876018458812197
225,0.873618527477781
226,0.896392344334471
227,0.893595350294619
228,0.902227913059183
229,0.886146778600589
230,0.893551242192159
231,0.911957515043395
232,0.882200887101826
233,0.884061831808534
234,0.871272914429512
235,0.876709959240304
236,0.875366478747506
237,0.9146542827894
238,0.920154667584716
239,0.931123836537311
240,0.917517832596109
241,0.853560422096844
242,0.870213287927815
243,0.874277885201311
244,0.899245150408818
245,0.886651639666988
246,0.92543817095809
247,0.888025185150142
248,0.886059767488194
249,0.906593919988835
250,0.880215236153596
251,0.905045707151401
252,0.899028805390367
253,0.894230256053151
254,0.880800755878102
255,0.92276890635053
256,0.873010464455818
257,0.866570691313639
258,0.893996772933858
259,0.843664123073545
260,0.869993255515639
261,0.901051800911311
262,0.892274716891006
263,0.869706457555196
264,0.888543637573596
265,0.894301365439483
266,0.877603850750173
267,0.867572735723773
268,0.879566604468545
269,0.867792766209684
270,0.870397299242003
271,0.918555191307127
272,0.91837764831903
273,0.789241159172563
274,0.923004281117536
275,0.90629728743979
276,0.863036660614095
277,0.869759344128811
278,0.88753887999103
279,0.876255782030718
280,0.839010836629487
281,0.909716004989089
282,0.75076818010722
283,0.909227335370862
284,0.796639084625267
285,0.829200065520227
286,0.897018723477096
287,0.833594730973215
288,0.907158767731965
289,0.87108383580123
290,0.90507895587267
291,0.9020051781263
292,0.89827548569422
293,0.894022642081594
294,0.865816223810477
295,0.870468489821306
296,0.818075073696826
297,0.87581274619175
298,0.856800758620289
299,0.908663980300923
300,0.89734011707851
301,0.89216308951097
302,0.875648218086083
303,0.856017161282996
304,0.862720351509531
305,0.866328509945001
306,0.864224854517222
307,0.857664185946701
308,0.874054805259055
309,0.896378963169333
310,0.904230787232329
311,0.902856614857327
312,0.846314818237904
313,0.875677857590874
314,0.92342927277726
315,0.867399988539944
316,0.874424357196216
317,0.843905286772447
318,0.850154469271393
319,0.845093402908588
320,0.864820338842099
321,0.894404486714621
322,0.87915357588694
323,0.893959960703369
324,0.903855803145865
325,0.91107838610569
326,0.905940448452277
327,0.865297807345455
328,0.899529283611878
329,0.912915621613006
330,0.904651527532087
331,0.861015503942907
332,0.927405441125876
333,0.893149596496449
334,0.871203620349653
335,0.854013244065346
336,0.894439895737687
337,0.885380360504389
338,0.900375212103512
339,0.876331174318203
340,0.865922448644085
341,0.869069081514562
342,0.873623003177572
343,0.892145975079564
344,0.861998469802708
345,0.901388753000856
346,0.900371365607021
347,0.858904102853793
348,0.910402883403153
349,0.913080780517031
350,0.912917344224345
351,0.900894553605148
352,0.910297842373136
353,0.885844837730764
354,0.917839430181469
355,0.85722399247717
356,0.867063052848104
357,0.877505266726336
358,0.893988226842321
359,0.895731194696499
360,0.860758113723181
361,0.902765822391462
362,0.898407372479008
363,0.884156136188566
364,0.869191724832298
365,0.922553300629038
366,0.863819845522063
367,0.865862865415584
368,0.882104712902204
369,0.893302043440724
370,0.882144708162475
371,0.870200993028123
372,0.890933755945256
373,0.860083516838911
374,0.894201091524057
375,0.88344577756887
376,0.869657116377776
377,0.838156688999728
378,0.854757129942267
379,0.889866015385867
380,0.837541246746717
381,0.842740555648803
382,0.936806422634573
383,0.872618989869664
384,0.916974680856063
385,0.885612890557568
386,0.929109037261467
387,0.890037729302439
388,0.911881302647282
389,0.854987466605311
390,0.880728983341267
391,0.869286184768321
392,0.888910406272441
393,0.926169143766136
394,0.916299604837939
395,0.904602781834877
396,0.841092576074689
397,0.88850667440977
398,0.886893601808092
399,0.909782323168537
400,0.913515322169313
401,0.849825593408992
402,0.825251615670487
403,0.855401866550232
404,0.860987425570951
405,0.866525830250364
406,0.835258454178837
407,0.843667927519634
408,0.856575791591868
409,0.842334847677635
410,0.877793001547179
411,0.841584673078913
412,0.856057217237737
413,0.89695377802863
414,0.895837066743615
415,0.874157462059318
416,0.852020025239228
417,0.832936607139947
418,0.876500032583199
419,0.841010144656475
420,0.86090997718409
421,0.844531725300925
422,0.846262192591122
423,0.9001039655881
424,0.855476073772487
425,0.895106351363618
426,0.912324763486471
427,0.89979572244642
428,0.870102097550391
429,0.885487009965704
430,0.868823780811186
431,0.86272633506601
432,0.895173976498273
433,0.923232676106122
434,0.879522743376143
435,0.905376638288429
436,0.883232519378195
437,0.889351682177296
438,0.879110950934324
439,0.914692367266032
440,0.859518857531103
441,0.915499692494179
442,0.837171460757273
443,0.857476132870536
444,0.827103194511212
445,0.831342397989827
446,0.850054602045343
447,0.881592786580672
448,0.912326197701998
449,0.921316284959873
450,0.879720988754617
451,0.922517095820809
452,0.913987921929543
453,0.871810619875276
454,0.883896145988424
455,0.895601972159532
456,0.887545829141714
457,0.895265303981501
458,0.899640813839192
459,0.898054305733486
460,0.89899535598205
461,0.89116989910443
462,0.901375526974043
463,0.909603293307928
464,0.882837289436038
465,0.841373831618572
466,0.920256407525573
467,0.837749916006528
468,0.883809499031539
469,0.84030906544489
470,0.823978598851619
471,0.89411129070242
472,0.854622456883319
473,0.86302341183391
474,0.859214915885595
475,0.882864945608384
476,0.850662873965501
477,0.889650024047777
478,0.865354234827017
479,0.8647470621784
480,0.825235983315996
481,0.857122685111599
482,0.873326671205461
483,0.889515482005014
484,0.858860292363561
485,0.897772067027583
486,0.887538397253828
487,0.868144712734229
488,0.823396650146987
489,0.879012865251772
490,0.901017999854153
491,0.825289063385904
492,0.904236826149929
493,0.910643142001553
494,0.878955435218396
495,0.893857208361323
496,0.872521954463746
497,0.860548372627012
498,0.905452791144825
499,0.825627542038951
500,0.893124974787599
501,0.92380812523692
502,0.925735095922752
503,0.911931364889069
504,0.881963346217181
505,0.901978822343367
506,0.890216871210737
507,0.861662998624051
508,0.874287250263877
509,0.880241100188062
510,0.89181269279707
511,0.864640362241285
512,0.898061997902803
513,0.895019715068876
514,0.908700282826209
515,0.867450363474049
516,0.87709658084829
517,0.870109390284607
518,0.87942604846001
519,0.895524299362389
520,0.911425556566316
521,0.885218260028583
522,0.856586403798803
523,0.883706807651246
524,0.889580036531794
525,0.8721704816434
526,0.896029705281355
527,0.892227021808387
528,0.876594016189115
529,0.876763420834969
530,0.916848118055872
531,0.914422388317449
532,0.898374655071131
533,0.910007652109837
534,0.87369502294274
535,0.899049626113155
536,0.900911202804215
537,0.86687248517631
538,0.886567076804381
539,0.912241762321218
540,0.901078284001615
541,0.840813978678077
542,0.89172046300598
543,0.869053855465967
544,0.907175157257326
545,0.861798294351109
546,0.885480111933484
547,0.857927969415765
548,0.893191151895414
549,0.870304772303697
550,0.851858129235224
551,0.91892246385752
552,0.895280990517179
553,0.909881997897932
554,0.871697588259536
555,0.898504748007077
556,0.855478436538207
557,0.890872154955616
558,0.878446814127971
559,0.858777032529827
560,0.864739409488336
561,0.839780506683198
562,0.926129392524804
563,0.87558629603261
564,0.868714882716129
565,0.894442368067253
566,0.886268400035182
567,0.929693788026744
568,0.866139332333546
569,0.91438469568595
570,0.865844134535746
571,0.860717952224423
572,0.841159119633699
573,0.886814999632775
574,0.886104879808437
575,0.829244569919599
576,0.870876819878889
577,0.845204359023131
578,0.844225185519649
579,0.871636612235235
580,0.88322719859809
581,0.902877235845823
582,0.904243966489274
583,0.87923899171259
584,0.857829234468169
585,0.887927355758487
586,0.869975162167311
587,0.844276271350269
588,0.881626990329596
589,0.888190000312388
590,0.887313897841556
591,0.855774240043736
592,0.904688878491277
593,0.853713517911262
594,0.889047281967855
595,0.921338454834219
596,0.86622131698858
597,0.876984387865341
598,0.907166539735387
599,0.904266744267165
600,0.884182695728596
601,0.832647351389853
602,0.861360972043323
603,0.879716703101333
604,0.868980220537147
605,0.865109105025564
606,0.839720782228483
607,0.823650833290897
608,0.916592307820468
609,0.839006093087167
610,0.915582012509182
611,0.88798556585261
612,0.852107413059813
613,0.874190988613869
614,0.920728378409167
615,0.8800315618973
616,0.919636350830957
617,0.875539549465019
618,0.877219122065124
619,0.874272919761845
620,0.907170587281956
621,0.900083605616891
622,0.846339534382816
623,0.883761167898867
624,0.900558362393996
625,0.904801323933556
626,0.905698861327543
627,0.884915653350055
628,0.901457148707245
629,0.912261056356705
630,0.910856378236832
631,0.932158123922163
632,0.917284000528556
633,0.910817914699856
634,0.85617101917536
635,0.817284645106301
636,0.867131910486609
637,0.864508998959184
638,0.918561960718411
639,0.852390124758235
640,0.864477673380882
641,0.920612354903891
642,0.897956638026537
643,0.900833648181614
644,0.920879383164819
645,0.924845416718535
646,0.916804030038392
647,0.90506292948184
648,0.951673284771799
649,0.898900239767677
650,0.900962184130946
651,0.896043526820252
652,0.835131105155691
653,0.896962853630467
654,0.857480313230507
655,0.830005540201885
656,0.84304601057128
657,0.835934548038962
658,0.851693070313737
659,0.835368137992674
660,0.859426209904182
661,0.877234362301471
662,0.867777680576245
663,0.889414603493243
664,0.90886197517993
665,0.874102953002494
666,0.900817174725749
667,0.821112549833472
668,0.858637227905013
669,0.889207756171317
670,0.870155479830709
671,0.868866239594049
672,0.877911037370126
673,0.851914640141981
674,0.864729825652296
675,0.908987514627755
676,0.904225780669449
677,0.903564288630949
678,0.905196064017621
679,0.878644312936606
680,0.92033500261758
681,0.900091871375318
682,0.894419143037227
683,0.9109672599446
684,0.833427906199719
685,0.818404326785062
686,0.858515136179152
687,0.876897315850675
688,0.891876575380012
689,0.923224351697183
690,0.895738161017066
691,0.855035015936904
692,0.849250910133935
693,0.898251417076974
694,0.875222573872499
695,0.925513698430393
696,0.872349523895115
697,0.882831035797134
698,0.832924067932691
699,0.879854972068696
700,0.830971309814655
701,0.897733219053928
702,0.908775103760867
703,0.873190178344381
704,0.900140857866089
705,0.833728663214962
706,0.880604494706242
707,0.851080646405801
708,0.869401448867735
709,0.892946838844896
710,0.881847792883139
711,0.885827175079024
712,0.868072282178493
713,0.901333585859131
714,0.897237009420063
715,0.914780523656836
716,0.89573598984648
717,0.883235018358908
718,0.897615149270704
719,0.905073146731373
720,0.898557898863717
721,0.915613721882076
722,0.895559122291371
723,0.82435043693632
724,0.889930970354935
725,0.895913535400329
726,0.896615688728153
727,0.859879414849361
728,0.905805460031865
729,0.852900083878045
730,0.837473326466766
731,0.856766344498057
732,0.930651106907357
733,0.920828894606077
734,0.887614601973389
735,0.918531774697677
736,0.858419250528497
737,0.91208013613859
738,0.855308551299903
739,0.874183235794592
740,0.862904827696936
741,0.88732342536077
742,0.84082565243113
743,0.827408268419457
744,0.881194613817414
745,0.898417488357919
746,0.854770797504701
747,0.928054812259978
748,0.888134205815348
749,0.883477901028672
750,0.890173173740048
751,0.885949942456289
752,0.909318287095134
753,0.91565147688303
754,0.852755762766529
755,0.87917693244922
756,0.894155130245393
757,0.844925057102897
758,0.853738695689255
759,0.898575659670768
760,0.907498367838647
761,0.902298306093014
762,0.904386166288285
763,0.902505669153367
764,0.904379574589907
765,0.895888398405714
766,0.887870296386862
767,0.892819558586724
768,0.88348570361508
769,0.893534189558601
770,0.876796687890315
771,0.83198414139133
772,0.898771634145458
773,0.928294260924767
774,0.930885635292219
775,0.90155756967418
776,0.887240910960335
777,0.908276817672949
778,0.907002754097661
779,0.868283739411016
780,0.862478262378114
781,0.879935091359611
782,0.862714164940341
783,0.87546054527859
784,0.883975263165555
785,0.815694078502257
786,0.82553900096163
787,0.838956953494694
788,0.887824323878459
789,0.882625592878216
790,0.873126759964563
791,0.870020575515858
792,0.866805965836558
793,0.843157175700563
794,0.896217152059237
795,0.850302025447389
796,0.919139832517315
797,0.848838164636598
798,0.897251668860548
799,0.871850813623272
800,0.894590227602675
801,0.861240407479692
802,0.848482706533544
803,0.900198855062747
804,0.866907707821056
805,0.865727937899144
806,0.884588649137163
807,0.892212997574085
808,0.909214901384253
809,0.885727405146283
810,0.897271581375797
811,0.903331237156759
812,0.897089121267094
813,0.894749306826731
814,0.910864904869767
815,0.872517458058978
816,0.864154382120475
817,0.890672295126459
818,0.903693176748034
819,0.893136617691736
820,0.841784319390068
821,0.848599664899939
822,0.859869482971806
823,0.864961099448236
824,0.862849126599522
825,0.916171441573868
826,0.846684313683527
827,0.879728831370229
828,0.878699890915182
829,0.875086288522148
830,0.880008507324365
831,0.923291812455229
832,0.910151984634922
833,0.920430305362101
834,0.899854647116337
835,0.900436953262951
836,0.894117566142479
837,0.898862248194178
838,0.882631415022313
839,0.893915760017228
840,0.911237927588869
841,0.909213320622552
842,0.884701879373919
843,0.865899740925281
844,0.854529578088817
845,0.896332007191643
846,0.917412604239279
847,0.842696513024425
848,0.922149014144393
849,0.928341112016338
850,0.931718364118864
851,0.899705984697074
852,0.904531615237839
853,0.866559208731985
854,0.908113825433567
855,0.858924661247146
856,0.888308849866297
857,0.843430850273168
858,0.876059783761315
859,0.880465504562994
860,0.873512449856106
861,0.871624297814094
862,0.819644914489573
863,0.864209234779789
864,0.861444691088487
865,0.905586145945822
866,0.917573988759768
867,0.91502701479255
868,0.866384574812304
869,0.867366446503344
870,0.875504717724754
871,0.923660521591297
872,0.87346657195289
873,0.870134728960823
874,0.89238275150237
875,0.876682299547244
876,0.875883617678007
877,0.877622102313612
878,0.91588227940181
879,0.876073438189622
880,0.896166457138397
881,0.899045349981714
882,0.922784914019698
883,0.915405533073336
884,0.924918415134925
885,0.89931217530182
886,0.882159778959251
887,0.849368407287967
888,0.859367156980297
889,0.917172847472115
890,0.862642083707151
891,0.848734864681206
892,0.896959630624679
893,0.802103869855613
894,0.905116123275271
895,0.875486285704832
896,0.856091982600409
897,0.841017309890064
898,0.875231914491132
899,0.908392101941116
900,0.879657332444526
901,0.924268763059421
902,0.855556298469543
903,0.907853447033657
904,0.817487817734941
905,0.845051563975648
906,0.870141670668949
907,0.936001135868758
908,0.867440496699615
909,0.882779823184391
910,0.888627634504509
911,0.889419845125662
912,0.883814630441702
913,0.86113561616952
914,0.917199079467766
915,0.881467547032927
916,0.845972849277909
917,0.926656339920093
918,0.889969444780116
919,0.839516822558408
920,0.873103418139736
921,0.868726086540256
922,0.925403465850379
923,0.873515088168578
924,0.869965853282409
925,0.842783111990936
926,0.908189294665422
927,0.876936646586943
928,0.882384737455134
929,0.883228348023979
930,0.906485225501366
931,0.904834617420474
932,0.926976187443347
933,0.915761134042876
934,0.905735303442135
935,0.893355056561777
936,0.867191628511622
937,0.878731495684967
938,0.900882321662302
939,0.913181759563327
940,0.816060534751773
941,0.906608604454649
942,0.906171073121027
943,0.894780559060408
944,0.880038159010479
945,0.878781651172454
946,0.813340169473208
947,0.848652878838
948,0.844871362499438
949,0.877542402957423
950,0.854171841986917
951,0.885974790292022
952,0.894553184236524
953,0.908445275534652
954,0.905124734657036
955,0.916458625158099
956,0.891344662880961
957,0.892096013183453
958,0.856349363662976
959,0.861595902426814
960,0.864391009328706
961,0.894617113947614
962,0.850053574349258
963,0.913139113163923
964,0.874428165084854
965,0.87349322075754
966,0.85635951777898
967,0.906313100921468
968,0.836620181292739
969,0.855494331866415
970,0.900227177978739
971,0.877021107643869
972,0.871938336828154
973,0.852853718982605
974,0.920988968589994
975,0.890594720446143
976,0.858973435333708
977,0.873199245198429
978,0.865903440983655
979,0.794625444145942
980,0.86917424262241
981,0.817572935951143
982,0.874275926096975
983,0.903520782602419
984,0.904170007269536
985,0.877512582200422
986,0.890453268625133
987,0.862508867436962
988,0.84151901272488
989,0.913245520603206
990,0.888542871233789
991,0.913379345599827
992,0.871976155487494
993,0.925737190925088
994,0.867301143033138
995,0.84707362699826
996,0.847218818410488
997,0.8483040117955
998,0.849149075013968
999,0.89942694543725
1000,0.834154665739593
1001,0.864694892108178
1002,0.847082137699652
1003,0.868313714324831
1004,0.886543659147774
1005,0.895798500893745
1006,0.875221986240228
1007,0.854433451209562
1008,0.892180211794638
1009,0.87637346654254
1010,0.887554626351927
1011,0.842757550584746
1012,0.84127348330137
1013,0.87596485185568
1014,0.914286332522678
1015,0.89659585894739
1016,0.915301010350899
1017,0.900398768132139
1018,0.858863363763329
1019,0.808790342688556
1020,0.902508680494972
1021,0.886077360421365
1022,0.88943623924793
1023,0.891911229413004
1024,0.900338969436329
1025,0.89516865485171
1026,0.87398063998143
1027,0.864753200781704
1028,0.906530934782698
1029,0.919133672083645
1030,0.906176142793473
1031,0.925931435489656
1032,0.887772079321896
1033,0.832564837063311
1034,0.890550923949006
1035,0.894875216883727
1036,0.883166188708391
1037,0.895905666170795
1038,0.806391019462026
1039,0.87131812175653
1040,0.87922776288356
1041,0.868568465397705
1042,0.877079785058406
1043,0.901249739309906
1044,0.882252295757638
1045,0.873822053522238
1046,0.889275730007332
1047,0.893125760835332
1048,0.902737658834068
1049,0.87379835262442
1050,0.862764312415462
1051,0.869379174264574
1052,0.834407611473127
1053,0.903201564861186
1054,0.790175436391019
1055,0.880914795201206
1056,0.833618885060987
1057,0.88144457201287
1058,0.857406045164146
1059,0.91746504115234
1060,0.882711860705679
1061,0.916804674344265
1062,0.911343136367264
1063,0.87521912394097
1064,0.864972876486806
1065,0.855653582043772
1066,0.87872889131046
1067,0.911984859380111
1068,0.858121536146536
1069,0.875908188167417
1070,0.893191719834715
1071,0.907166719794615
1072,0.86257762420757
1073,0.904310857529087
1074,0.890411472463975
1075,0.871542592353451
1076,0.880793548892447
1077,0.874030126839185
1078,0.875152400434859
1079,0.857702910164496
1080,0.858846464103777
1081,0.858764306553376
1082,0.894978994189085
1083,0.850241029577588
1084,0.89105839503427
1085,0.856561280111586
1086,0.860090817008513
1087,0.880117840351683
1088,0.844163765752083
1089,0.942900169023798
1090,0.892195702304213
1091,0.906184494622095
1092,0.90314090876298
1093,0.864967531874155
1094,0.881106317111927
1095,0.857924008553736
1096,0.848334753943537
1097,0.826233279154252
1098,0.839264072830498
1099,0.84530133197745
1100,0.899758111589224
1101,0.901296495380917
1102,0.893152548862273
1103,0.889195749833475
1104,0.903689462347991
1105,0.888622661599607
1106,0.878227574367937
1107,0.887003342162237
1108,0.87800384714407
1109,0.865306623890446
1110,0.899517917359861
1111,0.852895779409814
1112,0.89996292376036
1113,0.839633810167786
1114,0.917898313481639
1115,0.837278014000274
1116,0.88269968741579
1117,0.865943999838832
1118,0.903110568820752
1119,0.869474110451865
1120,0.870240719819939
1121,0.85581563978411
1122,0.846492956887577
1123,0.862984665967072
1124,0.887712657904078
1125,0.85821234214671
1126,0.908323794381146
1127,0.911615422226436
1128,0.863246627914787
1129,0.878880091603737
1130,0.912375607976831
1131,0.881792440299733
1132,0.898653644135073
1133,0.817661870688276
1134,0.83556096853808
1135,0.788690804393624
1136,0.795405879197263
1137,0.870461993644702
1138,0.878443110684296
1139,0.904209142898168
1140,0.923577988177119
1141,0.918853428269384
1142,0.867503037675694
1143,0.883266724628511
1144,0.88799154493464
1145,0.890237782296454
1146,0.915673776736312
1147,0.857560625794426
1148,0.854548951000172
1149,0.842347532209654
1150,0.842523299379153
1151,0.902917587801395
1152,0.874602855952047
1153,0.870449139424926
1154,0.837014092552949
1155,0.933409179101925
1156,0.922080693681907
1157,0.885854295388461
1158,0.881574299498998
1159,0.89418458566465
1160,0.893135534927202
1161,0.873470924678078
1162,0.893356141177394
1163,0.890865508081529
1164,0.864084275636856
1165,0.877664759553005
1166,0.893645269215441
1167,0.86580925503783
1168,0.869110964468897
1169,0.898316078070521
1170,0.888212332089751
1171,0.907490407802657
1172,0.866413183164068
1173,0.865046989931185
1174,0.878959777142679
1175,0.866588013527132
1176,0.888380290322725
1177,0.898506020830961
1178,0.825846125425816
1179,0.870432735756796
1180,0.86888323014938
1181,0.853607796430701
1182,0.917193075845493
1183,0.925539287745291
1184,0.912473586753228
1185,0.911390486611195
1186,0.8664559380549
1187,0.889455037711854
1188,0.845682415422263
1189,0.847751113307955
1190,0.883942406723647
1191,0.892491624011162
1192,0.915031771617765
1193,0.891697255078842
1194,0.914236712019296
1195,0.904165949028032
1196,0.863651937224143
1197,0.902795519437066
1198,0.937707071004775
1199,0.931131939697958
1200,0.87475372522564
1201,0.886049689674774
1202,0.863344236349264
1203,0.827531639776188
1204,0.861966222372303
1205,0.888515953597387
1206,0.885465690004313
1207,0.870774148172524
1208,0.863972082654393
1209,0.918900823789539
1210,0.843027658393168
1211,0.906560839324777
1212,0.8668436912151
1213,0.859815326952428
1214,0.883488339442916
1215,0.849122672486797
1216,0.876607910273911
1217,0.868580369705239
1218,0.896776196409957
1219,0.827383727211445
1220,0.878798432151025
1221,0.9038248578261
1222,0.873244844950769
1223,0.873934722880333
1224,0.846849449639751
1225,0.873338645384346
1226,0.857785235316953
1227,0.865422867306622
1228,0.884273615568854
1229,0.891517072423705
1230,0.901885333046686
1231,0.854483996881823
1232,0.889489989243559
1233,0.893073901862377
1234,0.866904206221345
1235,0.900011543823443
1236,0.880887085091918
1237,0.8804577763953
1238,0.897576847095827
1239,0.826450441165464
1240,0.908548472673176
1241,0.822626197823885
1242,0.819070539161398
1243,0.912950455621279
1244,0.879539840864395
1245,0.91978463460516
1246,0.904491910602511
1247,0.90519040377613
1248,0.900028532299251
1249,0.865174303128728
1250,0.858603227010956
1251,0.881024394669406
1252,0.867920262977326
1253,0.889225562449443
1254,0.916283101230087
1255,0.921476716506963
1256,0.89344054462923
1257,0.919741590715054
1258,0.838556970911144
1259,0.833736282888777
1260,0.880781814533907
1261,0.892515259044381
1262,0.858049288571516
1263,0.901465825658557
1264,0.890860740081775
1265,0.875754449800441
1266,0.884866315403873
1267,0.835600605353143
1268,0.888720814526781
1269,0.905379232902958
1270,0.912397269812798
1271,0.865806020054587
1272,0.90855505403769
1273,0.910909383232999
1274,0.915239517736779
1275,0.920897259070649
1276,0.885384795453204
1277,0.88005778843876
1278,0.899703488893223
1279,0.933265335644803
1280,0.874630854351636
1281,0.877089509909152
1282,0.895711650942106
1283,0.884824701754695
1284,0.898812785535295
1285,0.855059647830124
1286,0.869330998443921
1287,0.890728299593027
1288,0.862582346969847
1289,0.864574724160967
1290,0.842352554951283
1291,0.871297525096671
1292,0.893303709384425
1293,0.878977675208202
1294,0.87626960682609
1295,0.910744752494935
1296,0.890356081886215
1297,0.886706056845443
1298,0.840213711263392
1299,0.889488710859708
1300,0.87037592394484
1301,0.847623204545087
1302,0.849164358369961
1303,0.842120331216959
1304,0.85239324490584
1305,0.90342012273043
1306,0.861172049787175
1307,0.876119406281473
1308,0.856743830991179
1309,0.835694727702026
1310,0.884048126126877
1311,0.877071522144148
1312,0.882040831758977
1313,0.87878545556568
1314,0.819681400153553
1315,0.822362333701423
1316,0.81920561450389
1317,0.868509272368709
1318,0.888581292300178
1319,0.860541310518305
1320,0.914757584986215
1321,0.911045125901858
1322,0.913790183196782
1323,0.884855785831607
1324,0.881198206328154
1325,0.866391615482815
1326,0.858562446383666
1327,0.884070030143178
1328,0.910614618448027
1329,0.881646769460434
1330,0.909919502247389
1331,0.845979398508765
1332,0.892773961151212
1333,0.852246419423514
1334,0.852166319150529
1335,0.905551592281818
1336,0.858585813618591
1337,0.886486480471223
1338,0.901274842286055
1339,0.928500008481889
1340,0.888148089663978
1341,0.916026160073416
1342,0.894924896798543
1343,0.88096327535874
1344,0.922468814176818
1345,0.889384084032505
1346,0.885310964809971
1347,0.773666888859937
1348,0.85522287818144
1349,0.813465872725876
1350,0.890068838109697
1351,0.87183603486093
1352,0.879259953820908
1353,0.894743495997923
1354,0.902095261158872
1355,0.889448144331217
1356,0.859125645012198
1357,0.919976687734464
1358,0.89020020461178
1359,0.85727116449933
1360,0.841228063699463
1361,0.896225063192026
1362,0.922816054182096
1363,0.91039099079922
1364,0.907697301761128
1365,0.912917438361784
1366,0.900442474591593
1367,0.901922350717545
1368,0.88308289341812
1369,0.846063922674064
1370,0.913727006851712
1371,0.905041889463967
1372,0.892111629411082
1373,0.88155151093505
1374,0.930071083376613
1375,0.918565725533609
1376,0.879055402258105
1377,0.882036901438762
1378,0.907789595349937
1379,0.872611215742972
1380,0.868852795264719
1381,0.912004015283876
1382,0.869385476771409
1383,0.868591594447059
1384,0.918358615861016
1385,0.859627654853841
1386,0.841093783578711
1387,0.899348100543149
1388,0.867915272895497
1389,0.86786829441649
1390,0.844686617842105
1391,0.851783804080087
1392,0.878969718491242
1393,0.880600872779445
1394,0.889557752773045
1395,0.895858992946061
1396,0.919174561727978
1397,0.935777931273144
1398,0.8775823658584
1399,0.937987493912616
1400,0.870090394052614
1401,0.847710011103523
1402,0.893818362017102
1403,0.852380030085202
1404,0.851609208255463
1405,0.866744885391283
1406,0.909639594488529
1407,0.899727249618005
1408,0.893465764311921
1409,0.879506506700909
1410,0.880413502919025
1411,0.887055562134715
1412,0.878407593679021
1413,0.854059709629637
1414,0.861554436427446
1415,0.846504753037195
1416,0.875113649728994
1417,0.892040563639514
1418,0.907847294425487
1419,0.869818342733021
1420,0.808067653159046
1421,0.852362644858619
1422,0.82845465951047
1423,0.859163812641915
1424,0.882707760613703
1425,0.884434564762149
1426,0.87535006550486
1427,0.913453945936804
1428,0.897866113433913
1429,0.882396357863177
1430,0.903860171241074
1431,0.896414530014835
1432,0.899533490783054
1433,0.896667425894924
1434,0.898022440143571
1435,0.922096241978663
1436,0.925393708795695
1437,0.871163720221486
1438,0.895692832509501
1439,0.846127360558687
1440,0.869615701588825
1441,0.918901471310966
1442,0.875652575525299
1443,0.87881284012794
1444,0.927880359457177
1445,0.888996431530037
1446,0.89193306614412
1447,0.89278298834113
1448,0.867481576848568
1449,0.88862188112191
1450,0.857809341283534
1451,0.862611819709378
1452,0.914781073448312
1453,0.909284479038654
1454,0.887353790342253
1455,0.865775528344213
1456,0.876827478833126
1457,0.898487191207906
1458,0.899139648907585
1459,0.850448808438934
1460,0.883115430853918
1461,0.888748588188863
1462,0.896662697617626
1463,0.894901021120227
1464,0.896208327574754
1465,0.879704250827117
1466,0.909166930976218
1467,0.89299451344262
1468,0.897247412945426
1469,0.935561676890656
1470,0.911509551668256
1471,0.921716840801598
1472,0.934780853839798
1473,0.906517344035368
1474,0.837243501839392
1475,0.902708021061759
1476,0.903743966582916
1477,0.820784922401445
1478,0.854635100440569
1479,0.829653069751923
1480,0.891664442421018
1481,0.841933912143843
1482,0.89960487211331
1483,0.857692856093212
1484,0.884552777003089
1485,0.885257197067618
1486,0.817719198284062
1487,0.878825404844551
1488,0.87624062706851
1489,0.8822897027917
1490,0.845401332129248
1491,0.889384892920829
1492,0.893927124713644
1493,0.883939194239344
1494,0.877762774828252
1495,0.847575786261286
1496,0.912655283048456
1497,0.875503508559395
1498,0.848738668194239
1499,0.860985429565109
1500,0.870543598950319
1501,0.888942727166237
1502,0.896737732373501
1503,0.882968342740893
1504,0.89720545536521
1505,0.84194201146325
1506,0.89806402496174
1507,0.861391268166249
1508,0.895782072529022
1509,0.870565966123195
1510,0.897661359044115
1511,0.902662379371944
1512,0.825002797548454
1513,0.88344346901869
1514,0.901586913506642
1515,0.897420577263501
1516,0.91791095203831
1517,0.856421372918575
1518,0.86312484010548
1519,0.919688504473036
1520,0.940573214416782
1521,0.895024839472528
1522,0.923386719210811
1523,0.929057567982817
1524,0.843592528038103
1525,0.889562343162534
1526,0.882239679018004
1527,0.866565370589248
1528,0.885333434112901
1529,0.876907160917066
1530,0.880727586568158
1531,0.885508596838563
1532,0.889064831881759
1533,0.912781151178545
1534,0.910812859182636
1535,0.881307127641215
1536,0.91330755877964
1537,0.879068878992311
1538,0.915815651674514
1539,0.896648287060069
1540,0.903047563434754
1541,0.863527289863576
1542,0.922886498076158
1543,0.860607695604197
1544,0.880230637350285
1545,0.89944919922561
1546,0.875565352493068
1547,0.906612792891496
1548,0.87809437574687
1549,0.887298914775387
1550,0.885391202764422
1551,0.846432849629807
1552,0.889960946067371
1553,0.848488623750331
1554,0.928295340504201
1555,0.926447743499386
1556,0.866456017742143
1557,0.895384096613756
1558,0.868421371572585
1559,0.900586704527189
1560,0.882953095658939
1561,0.86590399319173
1562,0.856211159653375
1563,0.904455270122748
1564,0.906724648680157
1565,0.891221394214324
1566,0.881696574095528
1567,0.884644583288423
1568,0.890190252300964
1569,0.88625825736875
1570,0.850993735598467
1571,0.904565846146719
1572,0.911444578634628
1573,0.898812707765772
1574,0.926526806589556
1575,0.840503913487276
1576,0.843680881908163
1577,0.860808375614555
1578,0.849434872584835
1579,0.870844975416039
1580,0.913429072555236
1581,0.785420536188226
1582,0.898016557607433
1583,0.918843890607396
1584,0.873367371419749
1585,0.901556851988533
1586,0.888174781616087
1587,0.88032822278474
1588,0.881741555466679
1589,0.863852655196816
1590,0.895931214615297
1591,0.878290041258154
1592,0.898144195828614
1593,0.896635036819148
1594,0.888080367313643
1595,0.865191359230155
1596,0.871018504460733
1597,0.850743867275501
1598,0.854004657105295
1599,0.850546593900365
1600,0.847210855692938
1601,0.863065391833078
1602,0.895629678699787
1603,0.865526443807602
1604,0.887730534467337
1605,0.854292060008952
1606,0.874521519707679
1607,0.869090311018497
1608,0.847715960593276
1609,0.878460395233996
1610,0.870390237526744
1611,0.90667623056667
1612,0.896564771991662
1613,0.877432199821669
1614,0.893481903790662
1615,0.867754922505965
1616,0.885505895151765
1617,0.868727910151963
1618,0.913387149390324
1619,0.885636171004769
1620,0.899503439545929
1621,0.88715335741842
1622,0.913162258096861
1623,0.876783339677036
1624,0.850346712610284
1625,0.880813941799842
1626,0.817199595446595
1627,0.893307082611544
1628,0.85068422351195
1629,0.851393657797217
1630,0.858465073887711
1631,0.865944818962312
1632,0.879143327938785
1633,0.899629913744119
1634,0.841157961726251
1635,0.912320924613598
1636,0.919099271342677
1637,0.881745247248246
1638,0.861487360539686
1639,0.824539788370971
1640,0.905173718180613
1641,0.827816041167561
1642,0.876108767194675
1643,0.854263845909354
1644,0.808328906329612
1645,0.865474635380733
1646,0.850155691446805
1647,0.857278622258733
1648,0.854993268086983
1649,0.860234274608641
1650,0.878728785758817
1651,0.929012818929337
1652,0.852769113690844
1653,0.835480487065857
1654,0.867347241731292
1655,0.896842355622049
1656,0.871135345234491
1657,0.872262126361016
1658,0.919150850224589
1659,0.865095355818373
1660,0.874925351899605
1661,0.880774581239622
1662,0.853890684431768
1663,0.86576135704804
1664,0.859954492325845
1665,0.846744901257086
1666,0.880450792231424
1667,0.892122929024839
1668,0.910510591009457
1669,0.837893798407439
1670,0.851870404295467
1671,0.848262828050046
1672,0.840083986740765
1673,0.90209018121415
1674,0.860928967625152
1675,0.89854890670984
1676,0.873360506461468
1677,0.889135036263953
1678,0.867288870136083
1679,0.923500708645207
1680,0.915548936334888
1681,0.88134347601531
1682,0.904610590074569
1683,0.898565823953515
1684,0.886505472269661
1685,0.853338065907305
1686,0.889750457483463
1687,0.882131861109244
1688,0.864854620303842
1689,0.834718975428883
1690,0.83318988501661
1691,0.802940837972743
1692,0.85069960974168
1693,0.874435181189504
1694,0.920982010077392
1695,0.857770889264758
1696,0.862408136177589
1697,0.885221691546084
1698,0.916789781012165
1699,0.890702085964782
1700,0.900022923072262
1701,0.935184236204532
1702,0.925025162040764
1703,0.911458246544113
1704,0.900093640979962
1705,0.873172558692706
1706,0.901196224498485
1707,0.904031911471957
1708,0.916696668028768
1709,0.899780169330762
1710,0.866434349891063
1711,0.86799168060154
1712,0.857224108290296
1713,0.8920344557906
1714,0.834067136789454
1715,0.912372124589794
1716,0.890805043055813
1717,0.876293540656413
1718,0.86311865846934
1719,0.888909058883299
1720,0.867949354863701
1721,0.845616233700554
1722,0.884062121609709
1723,0.869086476416941
1724,0.884248015141958
1725,0.844513741571834
1726,0.821409230253038
1727,0.863123996847318
1728,0.80988541063024
1729,0.864386884760422
1730,0.829548209409936
1731,0.89126820718348
1732,0.877287378035447
1733,0.900179776225635
1734,0.800778454862459
1735,0.888339089566665
1736,0.875118131679623
1737,0.879124001108971
1738,0.857971270767647
1739,0.875737143668647
1740,0.868686412172285
1741,0.879118806409749
1742,0.90768568397256
1743,0.813512147372915
1744,0.865685182809326
1745,0.899088774418676
1746,0.896641171493288
1747,0.906952048236072
1748,0.845327807715665
1749,0.876718725876943
1750,0.866781894475972
1751,0.884134055452101
1752,0.842559092573559
1753,0.885104578347916
1754,0.873519672502856
1755,0.886085249314595
1756,0.903603089655217
1757,0.831703673034398
1758,0.827864127893124
1759,0.882147262951346
1760,0.874188191665608
1761,0.869321581497756
1762,0.878776299897174
1763,0.897109594352022
1764,0.930378389495698
1765,0.864932832993882
1766,0.87436754789844
1767,0.903648262265185
1768,0.853795930374933
1769,0.874321919657913
1770,0.849512968541696
1771,0.90650313135993
1772,0.889775906957295
1773,0.905341954112789
1774,0.846422637653661
1775,0.887572018948949
1776,0.85146733309989
1777,0.873077067663594
1778,0.877026479429235
1779,0.876468261485685
1780,0.863683859485426
1781,0.896547816116124
1782,0.84837971018406
1783,0.927443248077795
1784,0.892575976118989
1785,0.876532533999903
1786,0.865538637955432
1787,0.766051318870936
1788,0.761510558812386
1789,0.796990309273268
1790,0.879888401334338
1791,0.852878699630543
1792,0.88517195438847
1793,0.885257237040152
1794,0.888528944878562
1795,0.913059552628806
1796,0.923967368605756
1797,0.914938048874403
1798,0.887917577249058
1799,0.88568280602815
1800,0.879308580755557
1801,0.862461158440347
1802,0.883546244495957
1803,0.897506999213423
1804,0.88904730244722
1805,0.913286914887889
1806,0.878798715741702
1807,0.892400684533221
1808,0.899451575369149
1809,0.871414662976413
1810,0.874513895296803
1811,0.890415016603783
1812,0.899793256780691
1813,0.881293840747148
1814,0.886663936687465
1815,0.850986218394941
1816,0.920934528837197
1817,0.845264889644987
1818,0.905744204347904
1819,0.898621718014183
1820,0.861239907978689
1821,0.91288462568912
1822,0.841301779210009
1823,0.925652127569814
1824,0.894780449795534
1825,0.875356556975405
1826,0.861681412717381
1827,0.874270752921827
1828,0.878808583037764
1829,0.841883872507911
1830,0.876906764622457
1831,0.848834701155996
1832,0.853940657232444
1833,0.916688607340125
1834,0.915292465088383
1835,0.880839190068614
1836,0.87027793901188
1837,0.904192705809532
1838,0.907029446940725
1839,0.894586738800891
1840,0.878091368517375
1841,0.903223171070401
1842,0.888308292889776
1843,0.895961759685993
1844,0.903801354760676
1845,0.881440298772934
1846,0.87633800022765
1847,0.880707028887168
1848,0.835643132139924
1849,0.88278878762891
1850,0.84230179409676
1851,0.870079589761746
1852,0.898258400493906
1853,0.878942916847481
1854,0.919149152271772
1855,0.914645672214432
1856,0.906080057332138
1857,0.883101527714979
1858,0.932769260436202
1859,0.836293609965713
1860,0.893839810087446
1861,0.896077967824223
1862,0.921833210155069
1863,0.899687080643445
1864,0.899386229140157
1865,0.903555285967409
1866,0.923374859606673
1867,0.880500796609721
1868,0.89984831564442
1869,0.918203097846389
1870,0.832868229181898
1871,0.876479440753886
1872,0.804600172231644
1873,0.769719337745796
1874,0.916409576723422
1875,0.820318507802311
1876,0.841875458659845
1877,0.890976429388416
1878,0.870895754295862
1879,0.867398717584242
1880,0.878931798771025
1881,0.868342744679022
1882,0.865296086366819
1883,0.890866925431359
1884,0.864121751716063
1885,0.850895293031516
1886,0.864968369845191
1887,0.846723341377136
1888,0.879145914419364
1889,0.848992185318089
1890,0.868596392616405
1891,0.86966907734253
1892,0.880142640512935
1893,0.862174387634681
1894,0.871020683460758
1895,0.865795897613871
1896,0.920991142107817
1897,0.854123769548176
1898,0.889647320070634
1899,0.889086024345006
1900,0.870777664770221
1901,0.8875874285225
1902,0.898083064935204
1903,0.896457687364509
1904,0.842513254929041
1905,0.883804998702875
1906,0.883703607581086
1907,0.857035235872315
1908,0.887468300986027
1909,0.867130230470265
1910,0.934757850638977
1911,0.872873601787037
1912,0.883253179244712
1913,0.909268299826367
1914,0.853536667296239
1915,0.878611635351401
1916,0.899540550313136
1917,0.877415253231312
1918,0.906413380468976
1919,0.887140660174923
1920,0.904452563280254
1921,0.907464904540271
1922,0.845963416738353
1923,0.806533191934805
1924,0.865738074114308
1925,0.853218166540189
1926,0.786291489937059
1927,0.889090907569054
1928,0.914584078554502
1929,0.881250571756822
1930,0.904794365216386
1931,0.819703494840222
1932,0.901906948403506
1933,0.875006916717427
1934,0.911598778754857
1935,0.853403412575586
1936,0.837111905056486
1937,0.903594806425203
1938,0.885036717729771
1939,0.909901923478131
1940,0.887768926399382
1941,0.893726060640679
1942,0.802367092913907
1943,0.839169331020918
1944,0.915459105268649
1945,0.852854420815281
1946,0.942594952320493
1947,0.866491373768588
1948,0.883938144478902
1949,0.883180060331283
1950,0.873756657858535
1951,0.894716473638288
1952,0.884438275365839
1953,0.871910845794287
1954,0.88996465370694
1955,0.873485344082529
1956,0.871754915522434
1957,0.858826378344661
1958,0.874261344241358
1959,0.828716124201149
1960,0.887094326173798
1961,0.882689508470341
1962,0.825306848119339
1963,0.908621025292935
1964,0.915277106991192
1965,0.826824203093968
1966,0.883833723373876
1967,0.844859407011002
1968,0.856932833801922
1969,0.887736537675317
1970,0.8925181385391
1971,0.859964086618803
1972,0.856561941815551
1973,0.899685012796348
1974,0.842944910009461
1975,0.890296448322536
1976,0.879646441154215
1977,0.877124855607264
1978,0.883394112285486
1979,0.855205300466443
1980,0.872823871366319
1981,0.880749310547545
1982,0.87992448522795
1983,0.882362582174714
1984,0.827143598720075
1985,0.82737219840985
1986,0.929054065425239
1987,0.888194488859842
1988,0.939391887079852
1989,0.88617551548207
1990,0.911109498702837
1991,0.856689824766777
1992,0.865744606284433
1993,0.834560516065161
1994,0.84840711286227
1995,0.902204414280012
1996,0.857686932378874
1997,0.895100674809707
1998,0.910187062569381
1999,0.89920082942493
2000,0.898835784966301
2001,0.904468177381496
2002,0.889803386491827
2003,0.869042271244359
2004,0.914667341534088
2005,0.885604292341507
2006,0.880506922467935
2007,0.887351374117488
2008,0.860872227503297
2009,0.841925724044915
2010,0.86537323770019
2011,0.822020186034449
2012,0.866092058466953
2013,0.932965115421184
2014,0.853926917250776
2015,0.898717459029353
2016,0.860998251186822
2017,0.84827443255336
2018,0.88097173591434
2019,0.866709793400212
2020,0.819430857749914
2021,0.849196296397618
2022,0.903034230231648
2023,0.883342517245821
2024,0.878406489124694
2025,0.90052320531716
2026,0.880697604127002
2027,0.862669868948758
2028,0.886700361595482
2029,0.894365758336061
2030,0.925703899721758
2031,0.903877359808782
2032,0.9235109681441
2033,0.916439432149136
2034,0.91043552388378
2035,0.862016670209741
2036,0.905935206402174
2037,0.893052702679238
2038,0.908242366032873
2039,0.872898764423242
2040,0.875712465902074
2041,0.91819720478719
2042,0.93811462170391
2043,0.883059841886828
2044,0.87959833861851
2045,0.884888497303933
2046,0.88381945064737
2047,0.851109440051661
2048,0.875828539344717
2049,0.893516186330306
2050,0.905466114310721
2051,0.872901362575907
2052,0.855755393141784
2053,0.853349731910527
2054,0.929862266781582
2055,0.849003427534052
2056,0.893278512930259
2057,0.855180205340255
2058,0.810570391355533
2059,0.794772061993231
2060,0.810185451522575
2061,0.808608680702309
2062,0.810908545374499
2063,0.886630556775497
2064,0.929842804949727
2065,0.895942286822572
2066,0.86796150799735
2067,0.827154856310214
2068,0.913504864958026
2069,0.836103136564179
2070,0.822388740276013
2071,0.87871827248543
2072,0.836051938114681
2073,0.914216134135781
2074,0.917962050743959
2075,0.848711983061667
2076,0.883636916375923
2077,0.8634657035509
2078,0.93527878653285
2079,0.924505521751721
2080,0.82948403760141
2081,0.851077919487636
2082,0.842665521720951
2083,0.847650647246341
2084,0.8872301505052
2085,0.883043207488216
2086,0.847855640101918
2087,0.877265536098881
2088,0.903305016198561
2089,0.8890668701974
2090,0.93162044113575
2091,0.892905952255501
2092,0.937779018368796
2093,0.821985545326579
2094,0.836700602406717
2095,0.956895935133836
2096,0.87140005028587
2097,0.867294370644168
2098,0.900022195018777
2099,0.889775705177589
2100,0.893284175817898
2101,0.917548736926921
2102,0.85543971756896
2103,0.893187608838235
2104,0.870535046522551
2105,0.913097274667497
2106,0.841690778200612
2107,0.898613807754346
2108,0.903717232297835
2109,0.864943163261265
2110,0.870404744204535
2111,0.830877644248893
2112,0.866199509413832
2113,0.861953257551935
2114,0.868856944057213
2115,0.8904329815704
2116,0.877366241871928
2117,0.864762067773281
2118,0.895723499991205
2119,0.883588516223497
2120,0.861214680108294
2121,0.923050238023773
2122,0.885967303629669
2123,0.93394948473912
2124,0.853511930107813
2125,0.88669525044329
2126,0.899732676780155
2127,0.893054086051191
2128,0.903834569535374
2129,0.91604494205861
2130,0.885409475050319
2131,0.868882742819795
2132,0.888067482903343
2133,0.875881600566294
2134,0.912671439022931
2135,0.90779171967215
2136,0.916874248739079
2137,0.907764627476824
2138,0.882382269781242
2139,0.908138844222088
2140,0.911823563920214
2141,0.907109185625966
2142,0.889831500799707
2143,0.913260484547913
2144,0.908890366569419
2145,0.86718617552906
2146,0.888886923174942
2147,0.884563602203865
2148,0.863337287065497
2149,0.870271185823081
2150,0.831953859227182
2151,0.904999350972673
2152,0.893082920374549
2153,0.848829608769593
2154,0.89519157749298
2155,0.853246373395706
2156,0.852375369948577
2157,0.888867132844487
2158,0.913334174167792
2159,0.918897279547987
2160,0.918204706977595
2161,0.883834413990944
2162,0.875012320193138
2163,0.847555678065105
2164,0.905726628634896
2165,0.899633198877329
2166,0.908512442519034
2167,0.931242178243398
2168,0.839551399940464
2169,0.868778888450807
2170,0.886987316126837
2171,0.831537841594863
2172,0.856118682749892
2173,0.907777458045846
2174,0.875346525555966
2175,0.867872256023461
2176,0.904540840508764
2177,0.895629108272668
2178,0.890095577215532
2179,0.873754978354926
2180,0.861766263310048
2181,0.843123470410305
2182,0.91309800043139
2183,0.907347065651818
2184,0.906707658200171
2185,0.87220612218082
2186,0.862423088480218
2187,0.841232360178781
2188,0.872308886338339
2189,0.860066314122205
2190,0.839926700411269
2191,0.877053190534831
2192,0.87594967700365
2193,0.901263451277631
2194,0.930445342101379
2195,0.835347762662075
2196,0.911665378751826
2197,0.90423541285836
2198,0.914897221964172
2199,0.907367060414773
2200,0.793627192484841
2201,0.87807316440485
2202,0.875408864086271
2203,0.893962859689631
2204,0.866436061928221
2205,0.842476837157011
2206,0.917000224922924
2207,0.90471124876994
2208,0.885209339352369
2209,0.859745872021784
2210,0.871631954686538
2211,0.879531398170356
2212,0.898319526356682
2213,0.882746035892768
2214,0.866758425762714
2215,0.889935899024102
2216,0.841895776203735
2217,0.82656174366964
2218,0.910087477295973
2219,0.90809655443104
2220,0.878954589459338
2221,0.910707911087682
2222,0.902074464157955
2223,0.860782542713711
2224,0.89067361353498
2225,0.838963836471463
2226,0.872185334428686
2227,0.877879864736493
2228,0.877752386055257
2229,0.837515332831631
2230,0.824302397148724
2231,0.832286668083274
2232,0.853977854569052
2233,0.919898111814101
2234,0.913109698439577
2235,0.912776253629869
2236,0.925016986876798
2237,0.919233677040789
2238,0.904043392085634
2239,0.912837363553155
2240,0.924925398705901
2241,0.899240728389507
2242,0.872535756263073
2243,0.885053253162759
2244,0.906606571507616
2245,0.892579337304532
2246,0.894260886174246
2247,0.852088546056014
2248,0.872364850897082
2249,0.871848573038745
2250,0.885056447880761
2251,0.896898838562279
2252,0.87368443050709
2253,0.890458113751988
2254,0.890554070086634
2255,0.886547287111522
2256,0.858890156210778
2257,0.883465875724211
2258,0.878822463799654
2259,0.862728288467863
2260,0.901303642827268
2261,0.890681228339773
2262,0.89592574030387
2263,0.891635433867341
2264,0.906908911649443
2265,0.911206349039394
2266,0.878833696984927
2267,0.790322310954839
2268,0.839430254675542
2269,0.890126968675186
2270,0.86892959868457
2271,0.885488530932529
2272,0.890057196484588
2273,0.87636267310694
2274,0.885168586433113
2275,0.888356606998805
2276,0.88590348077229
2277,0.863721051082184
2278,0.892371844328047
2279,0.904183803774556
2280,0.907112872384281
2281,0.832167275841989
2282,0.891998483840542
2283,0.897215343656985
2284,0.894996747208016
2285,0.868538971275143
2286,0.870734305145719
2287,0.867241006436098
2288,0.859233162010396
2289,0.915450831637615
2290,0.904806437489608
2291,0.926326509287057
2292,0.913389575366024
2293,0.917633428573503
2294,0.885006077627152
2295,0.881148971464705
2296,0.881200608798388
2297,0.876251018282168
2298,0.872211288233035
2299,0.874313691433378
2300,0.925390993262752
2301,0.889104567401714
2302,0.88152176745846
2303,0.875962577970357
2304,0.757398277993064
2305,0.891669638574604
2306,0.897865201272805
2307,0.883100879835626
2308,0.881286291273223
2309,0.851599452582292
2310,0.860656267859591
2311,0.809432590910139
2312,0.926559745638147
2313,0.80976661008352
2314,0.890751602984132
2315,0.859161926707297
2316,0.890571676612916
2317,0.870771703162904
2318,0.862046138362747
2319,0.858064397228098
2320,0.869786111930957
2321,0.861576343740698
2322,0.891803285145239
2323,0.851449011398889
2324,0.870083530527201
2325,0.893464660968356
2326,0.906823459433513
2327,0.930911072900832
2328,0.858279916362987
2329,0.881183721653047
2330,0.884962313567749
2331,0.913183314481208
2332,0.898188880963767
2333,0.919616503401705
2334,0.925510502670344
2335,0.91488432518097
2336,0.862813386247384
2337,0.881315082285315
2338,0.859385335425011
2339,0.858988698164646
2340,0.864672863699458
2341,0.862584665493571
2342,0.89535867373838
2343,0.924803848869686
2344,0.924700483726872
2345,0.912289988258361
2346,0.875572051224938
2347,0.887700057744245
2348,0.863112805241305
2349,0.906398646452051
2350,0.879930638490048
2351,0.893867874309538
2352,0.885735682090483
2353,0.877325992293149
2354,0.828883952254658
2355,0.820597625279479
2356,0.910735885363129
2357,0.875196392519958
2358,0.91854848656951
2359,0.90612125954224
2360,0.874947684314587
2361,0.841476412157773
2362,0.863190020262042
2363,0.877662398233772
2364,0.870383126425843
2365,0.878392670777481
2366,0.862174192775113
2367,0.909927473898812
2368,0.809029230418559
2369,0.906308189648947
2370,0.864482172625382
2371,0.844478550249889
2372,0.914872256960903
2373,0.910528495713211
2374,0.895535188513181
2375,0.928023680131851
2376,0.867415167112997
2377,0.890578130276488
2378,0.838692503244864
2379,0.86805335475897
2380,0.855038081561046
2381,0.898374525955056
2382,0.876812648795246
2383,0.912404296632618
2384,0.93178594597058
2385,0.853953288969658
2386,0.869353949790377
2387,0.847393046126854
2388,0.870858656145691
2389,0.840410396608095
2390,0.923573196334054
2391,0.81605639821167
2392,0.896323375273527
2393,0.911009167299723
2394,0.925441364114366
2395,0.831256693134834
2396,0.853256441623627
2397,0.858012180539493
2398,0.851183457691322
2399,0.889670529332757
2400,0.871498518183539
2401,0.890961207471035
2402,0.886563038829352
2403,0.877295989863526
2404,0.876932663878237
2405,0.907165044585443
2406,0.886107219783284
2407,0.851174108027787
2408,0.898592673345122
2409,0.781003834401732
2410,0.86815141935455
2411,0.85241634956694
2412,0.85620719512224
2413,0.913549672278073
2414,0.849893104904452
2415,0.880864814901228
2416,0.859720000881895
2417,0.891203089009225
2418,0.899447586418719
2419,0.904978123459072
2420,0.888942357578763
2421,0.86961097835484
2422,0.888997248614125
2423,0.892232266085525
2424,0.871422116859805
2425,0.915159187722627
2426,0.919869982942347
2427,0.867521584794984
2428,0.89973831574798
2429,0.912393894929182
2430,0.879416886202177
2431,0.850587461392781
2432,0.785589377367459
2433,0.81516361110358
2434,0.842600682856599
2435,0.905551204012774
2436,0.926254500976036
2437,0.864468305969404
2438,0.884131341446726
2439,0.882929679731887
2440,0.876516751591995
2441,0.870200174827028
2442,0.819768508928859
2443,0.913403678168045
2444,0.893041529027543
2445,0.881840825845132
2446,0.860819225856368
2447,0.86132137960336
2448,0.880161806556658
2449,0.873125792560527
2450,0.880408585267658
2451,0.857985837706866
2452,0.852666248392354
2453,0.878649472237119
2454,0.877390760812819
2455,0.857618967862659
2456,0.915472763094447
2457,0.921530824388719
2458,0.821813245911966
2459,0.891902369728822
2460,0.929333302551609
2461,0.895796515125633
2462,0.876283297428751
2463,0.925124578433292
2464,0.829142569244532
2465,0.847691785257759
2466,0.859404807663516
2467,0.809892101209308
2468,0.858550991555498
2469,0.845570393707303
2470,0.84572010253921
2471,0.892455737291153
2472,0.886091362847337
2473,0.880328413484068
2474,0.89503211391203
2475,0.862419368531872
2476,0.888641935093789
2477,0.896033353219406
2478,0.834805652247534
2479,0.836004167427314
2480,0.884329131400855
2481,0.89923412611557
2482,0.857944985872
2483,0.853035300749835
2484,0.892561792645142
2485,0.912573502417912
2486,0.923015646191048
2487,0.910960779493873
2488,0.903568007018083
2489,0.906009575574379
2490,0.91985201712345
2491,0.926786173758013
2492,0.875014489780015
2493,0.894233880241764
2494,0.842430682605406
2495,0.893913903337267
2496,0.889614066925628
2497,0.876611397896377
2498,0.858000019309128
2499,0.852157109257028
2500,0.856181908565517
2501,0.863441335321393
2502,0.88112571327878
2503,0.874394187215715
2504,0.886010081274766
2505,0.840140709737471
2506,0.846641022872321
2507,0.84580496713632
2508,0.939302981252934
2509,0.871437203691571
2510,0.92156167544799
2511,0.867465551342235
2512,0.856883370994268
2513,0.847458492024598
2514,0.888595554385786
2515,0.886411070413045
2516,0.833429060782813
2517,0.7938543662455
2518,0.931440169160578
2519,0.930866683987031
2520,0.91859874623518
2521,0.854615363014442
2522,0.871233801296915
2523,0.870420529201323
2524,0.916322773265222
2525,0.840815248025584
2526,0.866320359076651
2527,0.830839081830417
2528,0.866232797398903
2529,0.878769753629085
2530,0.883508250323205
2531,0.863977829199629
2532,0.917143247397788
2533,0.905464865405088
2534,0.907373445080403
2535,0.899488912121443
2536,0.86279728294598
2537,0.91627713129008
2538,0.885742744156586
2539,0.929330613121381
2540,0.87329973633404
2541,0.861391818614968
2542,0.876281217688466
2543,0.891933930496128
2544,0.883231575512422
2545,0.872499607760713
2546,0.862804502958352
2547,0.903193555234393
2548,0.889336677449731
2549,0.870928482809385
2550,0.898409438230939
2551,0.918126140543158
2552,0.906640543201386
2553,0.898194546070796
2554,0.86822647364396
2555,0.881985901574298
2556,0.858514030891351
2557,0.888597270507966
2558,0.8840856131365
2559,0.924204120227137
2560,0.86591995336031
2561,0.86559568634564
2562,0.835148304452602
2563,0.862988553385312
2564,0.854968398966378
2565,0.860820807914555
2566,0.905863133903023
2567,0.900458438714188
2568,0.878046764980418
2569,0.902350973592259
2570,0.904857204323265
2571,0.860928740934428
2572,0.880156161122641
2573,0.875847825166285
2574,0.868427708356543
2575,0.853283181821999
2576,0.896541929382739
2577,0.879604758987165
2578,0.852660451715784
2579,0.954337785832517
2580,0.839069860804074
2581,0.843468652001098
2582,0.900849821266013
2583,0.90563153342493
2584,0.87354178235118
2585,0.939045532832901
2586,0.933828102886166
2587,0.888255359680925
2588,0.882583305741381
2589,0.838336075540576
2590,0.878362288329492
2591,0.896287718263208
2592,0.894175149443612
2593,0.890137079521321
2594,0.867567304817169
2595,0.843203526725953
2596,0.875358197540993
2597,0.881919981253302
2598,0.917830659926403
2599,0.888413839150642
2600,0.944879237155917
2601,0.941536280542307
2602,0.942430243111898
2603,0.852439857534933
2604,0.838020115950728
2605,0.884962476689466
2606,0.900273955352712
2607,0.862150824172171
2608,0.865763183800641
2609,0.913982090646356
2610,0.905929360305717
2611,0.887093886230386
2612,0.84241457077923
2613,0.92350483248623
2614,0.850860601674351
2615,0.896542646774624
2616,0.862406643399756
2617,0.870130179000281
2618,0.910456136603239
2619,0.884738918971544
2620,0.880868534034153
2621,0.880893363429937
2622,0.854945605265121
2623,0.882600071925267
2624,0.889910224541815
2625,0.880302671716477
2626,0.850576714769197
2627,0.887064926177954
2628,0.882564923574439
2629,0.875445100733596
2630,0.871559501811765
2631,0.895897582799902
2632,0.887647248736048
2633,0.920969875463303
2634,0.887724542793513
2635,0.928132952700231
2636,0.918344148897848
2637,0.951141995224667
2638,0.861601703707212
2639,0.91151894326135
2640,0.85021946661069
2641,0.874150717029321
2642,0.890863101267347
2643,0.913029885554049
2644,0.911611100277596
2645,0.873831653717695
2646,0.88043689984089
2647,0.902191489875223
2648,0.863170226981517
2649,0.887563402485612
2650,0.891223471820136
2651,0.877703471235659
2652,0.872919860975697
2653,0.8788834388445
2654,0.862646834850912
2655,0.848589375456377
2656,0.86183798675587
2657,0.903724903085666
2658,0.866496756365694
2659,0.899444745256552
2660,0.862792252437839
2661,0.864176972416535
2662,0.875222446993928
2663,0.841183848167788
2664,0.854484577337804
2665,0.872365066213834
2666,0.924686967537637
2667,0.925008777851044
2668,0.94337815328235
2669,0.838150347334516
2670,0.887859945015912
2671,0.883456023779379
2672,0.889579347717123
2673,0.854468259821425
2674,0.797694930198403
2675,0.851075465174846
2676,0.871845269569901
2677,0.869272540696604
2678,0.895116520379522
2679,0.885459785172471
2680,0.908820620788836
2681,0.888808906870254
2682,0.90957805921944
2683,0.88343614705481
2684,0.877574153467291
2685,0.905815887493812
2686,0.881446669750199
2687,0.874333096148629
2688,0.902513391204653
2689,0.829117927544156
2690,0.840684091513848
2691,0.876146805590448
2692,0.874039050787396
2693,0.888090698280172
2694,0.882654927403337
2695,0.883271160372236
2696,0.855509370797745
2697,0.864050284199576
2698,0.869190974221345
2699,0.842809252572551
2700,0.863700008088533
2701,0.876042841440835
2702,0.896093190624046
2703,0.87381741982227
2704,0.878886331425605
2705,0.906962684512108
2706,0.845003525736556
2707,0.865165559053334
2708,0.899092964967875
2709,0.896818567722154
2710,0.880581331248577
2711,0.912545011244512
2712,0.924040765643956
2713,0.90666466092847
2714,0.890871062355338
2715,0.867452947492272
2716,0.883191113661945
2717,0.869193402238948
2718,0.911522642966199
2719,0.916072974846817
2720,0.922673041169753
2721,0.861538065747745
2722,0.905579582360097
2723,0.911278072094398
2724,0.870183627669376
2725,0.899321902019118
2726,0.829849250391531
2727,0.857808922428098
2728,0.85312116559082
2729,0.870895301325858
2730,0.887572379800937
2731,0.85946238862675
2732,0.845576958763007
2733,0.867990339192084
2734,0.918930916759717
2735,0.899242764058787
2736,0.856142878429798
2737,0.890423613093362
2738,0.863889961400221
2739,0.881578820353519
2740,0.891303881364946
2741,0.892120053581609
2742,0.877545094849121
2743,0.857127211496148
2744,0.859291133761942
2745,0.85987853884829
2746,0.877609310161896
2747,0.891103071140797
2748,0.887609945443652
2749,0.893726614321244
2750,0.92538855815089
2751,0.825451996853726
2752,0.844294630109537
2753,0.89653997464675
2754,0.883483217764247
2755,0.858996801963936
2756,0.891044294476473
2757,0.859800572792512
2758,0.913862385369282
2759,0.920694559378807
2760,0.925405023619685
2761,0.824649065149474
2762,0.800792876704094
2763,0.853155636348421
2764,0.881380128937731
2765,0.882953321870394
2766,0.892163946470048
2767,0.890742584371542
2768,0.850649004297185
2769,0.863335656831422
2770,0.931907315247396
2771,0.876108130124888
2772,0.861634686688978
2773,0.869018072742785
2774,0.898862643923187
2775,0.858244009697217
2776,0.886749475376055
2777,0.821672758358419
2778,0.887265242495498
2779,0.902327474659108
2780,0.821973795709055
2781,0.888308012109297
2782,0.900103584960431
2783,0.872364033322621
2784,0.874874814141207
2785,0.895481052436143
2786,0.876868521132423
2787,0.84960399693935
2788,0.923752540035254
2789,0.849319524498852
2790,0.902397378301473
2791,0.860289369393123
2792,0.890108021905565
2793,0.864817467703484
2794,0.849406521607135
2795,0.860827654271503
2796,0.897084448571137
2797,0.879042969530474
2798,0.881976042469699
2799,0.894912821007854
2800,0.875786825917447
2801,0.866325204877171
2802,0.867344634038543
2803,0.877128220788093
2804,0.892133038143615
2805,0.88573250078045
2806,0.821753763515366
2807,0.89683383438692
2808,0.852467393967836
2809,0.914968548603554
2810,0.926129068026973
2811,0.922353163850903
2812,0.90803497616395
2813,0.884753462620401
2814,0.909082006620312
2815,0.907446833649905
2816,0.908781953089996
2817,0.906353915057902
2818,0.88344010242393
2819,0.883451867255294
2820,0.90997258079417
2821,0.91414518105765
2822,0.858041540163629
2823,0.829039344870791
2824,0.872227879263528
2825,0.885415915725881
2826,0.900293485946321
2827,0.889836596466488
2828,0.89706937591447
2829,0.893179503077937
2830,0.87431947800435
2831,0.876746457483642
2832,0.897355274799048
2833,0.92272878860066
2834,0.908595272834778
2835,0.853693698163723
2836,0.890358265102223
2837,0.918201627882149
2838,0.866384752716538
2839,0.86299272102935
2840,0.884625869149664
2841,0.883229301129603
2842,0.885875332046355
2843,0.862771959721697
2844,0.897757881426335
2845,0.900733471178538
2846,0.902751215578566
2847,0.885951345569151
2848,0.881255959006889
2849,0.892804676370003
2850,0.879004125104966
2851,0.856511470312001
2852,0.927115819864434
2853,0.928557847472798
2854,0.87739615283025
2855,0.871958630951246
2856,0.852928203844199
2857,0.919630104800415
2858,0.911344011344369
2859,0.859024500305415
2860,0.880893215992308
2861,0.847451507353518
2862,0.872091476365115
2863,0.836113410032618
2864,0.894586850477
2865,0.890293955061172
2866,0.845517856493772
2867,0.84506793257283
2868,0.875496494511501
2869,0.887086935880516
2870,0.919796297129161
2871,0.905191121545759
2872,0.929913185110861
2873,0.924111468400425
2874,0.927602335569091
2875,0.859295095881483
2876,0.8927474797832
2877,0.838862710460697
2878,0.873820537261513
2879,0.869185876125556
2880,0.858595147993782
2881,0.873405960245786
2882,0.906086811103593
2883,0.863380040745443
2884,0.86175113816578
2885,0.892725771628985
2886,0.881956673248984
2887,0.916984022114807
2888,0.87793656529564
2889,0.868042400992391
2890,0.876797117850488
2891,0.898453690688454
2892,0.907588525360648
2893,0.916116998571931
2894,0.898578334322678
2895,0.872042054713561
2896,0.884575572478126
2897,0.860517944343463
2898,0.854972112994533
2899,0.865712898750824
2900,0.819250440423467
2901,0.896704443076285
2902,0.89366158159392
2903,0.862650283841352
2904,0.878289201730819
2905,0.88646899717558
2906,0.901871722477154
2907,0.859621308537276
2908,0.864924980308487
2909,0.89091812055287
2910,0.854814113388061
2911,0.858309666066565
2912,0.893715789459325
2913,0.918478652086047
2914,0.914873553379939
2915,0.907661564195176
2916,0.908532032016306
2917,0.911012343158775
2918,0.893733572432486
2919,0.840725357014049
2920,0.850486668879409
2921,0.877069603109969
2922,0.858786936588662
2923,0.925313734971754
2924,0.918426236736929
2925,0.884271040082464
2926,0.865979353582279
2927,0.838372596007861
2928,0.839705708387892
2929,0.85833500503932
2930,0.914226166340993
2931,0.887652761746576
2932,0.91272788019453
2933,0.855246838282333
2934,0.877113516645597
2935,0.880855289190869
2936,0.87145325902577
2937,0.882098295096267
2938,0.858755514872545
2939,0.89340891019802
2940,0.896203367811898
2941,0.890638583483474
2942,0.905864221415055
2943,0.891024357584656
2944,0.900912521629259
2945,0.897619153331256
2946,0.897704697790304
2947,0.879023100357921
2948,0.851993843834625
2949,0.886299715728156
2950,0.864983395020092
2951,0.801505861224799
2952,0.862654995435272
2953,0.844576855880324
2954,0.821896266955266
2955,0.885146394000173
2956,0.867238494460044
2957,0.897035614522136
2958,0.856190668056245
2959,0.908175027688536
2960,0.887870668411426
2961,0.855902977588344
2962,0.871140212456219
2963,0.87267970591259
2964,0.772000745643918
2965,0.796547974539992
2966,0.890266679949688
2967,0.891364013153817
2968,0.882353669683896
2969,0.867524985097454
2970,0.897497880683949
2971,0.875630290491815
2972,0.878376158105634
2973,0.892331154766454
2974,0.898817562041319
2975,0.89095213570775
2976,0.895245915323141
2977,0.863481536111629
2978,0.876530500764375
2979,0.898891283934909
2980,0.903055489477415
2981,0.880264170839138
2982,0.876856564395439
2983,0.871550337415042
2984,0.911978651668536
2985,0.885753424026934
2986,0.90954888890418
2987,0.885604819986916
2988,0.916217917771604
2989,0.920627587272153
2990,0.888384206892264
2991,0.848185573921606
2992,0.842464524323986
2993,0.878485906977013
2994,0.850370615956288
2995,0.925378588666595
2996,0.841195752456197
2997,0.89750377070183
2998,0.83260512500996
2999,0.875493462130284
3000,0.8564691062756
3001,0.919329064775989
3002,0.898486121806553
3003,0.925225929264582
3004,0.902139171147657
3005,0.854740780821279
3006,0.902127064083836
3007,0.907873136304574
3008,0.890106181718393
3009,0.896690238062063
3010,0.834450521275693
3011,0.855455469061415
3012,0.89962835140538
3013,0.894145472657764
3014,0.875390835278185
3015,0.86246252623379
3016,0.881242078048647
3017,0.87633674070292
3018,0.873227443648026
3019,0.918903441814056
3020,0.87869564231487
3021,0.885656740128083
3022,0.909026379937578
3023,0.855018082491206
3024,0.840637207986094
3025,0.868004454010298
3026,0.879481661994478
3027,0.881028222369401
3028,0.921196381897766
3029,0.922449160981135
3030,0.878018092386054
3031,0.868185839252614
3032,0.88925384461977
3033,0.874438689774466
3034,0.879412841669054
3035,0.894800255664843
3036,0.926174929756353
3037,0.932648628813426
3038,0.826968910067329
3039,0.825542848212676
3040,0.900356834680366
3041,0.914632268101832
3042,0.890890715904275
3043,0.885200013119104
3044,0.889216901553251
3045,0.902835827614953
3046,0.870649742126417
3047,0.885634725532238
3048,0.910782242031171
3049,0.935005687259807
3050,0.882267531586952
3051,0.900782713960583
3052,0.894009869811152
3053,0.916860178151511
3054,0.89156701718017
3055,0.895587813442059
3056,0.871865434987442
3057,0.89770389166228
3058,0.879013004216471
3059,0.891916058646203
3060,0.876562980754877
3061,0.893215433815781
3062,0.883940860474039
3063,0.885285210455743
3064,0.885099483165512
3065,0.91859249390438
3066,0.880648062914302
3067,0.874285836716824
3068,0.863257435830655
3069,0.887949759152639
3070,0.859265457640324
3071,0.846526792797105
3072,0.901405811595018
3073,0.859164069390418
3074,0.889007857841623
3075,0.851000027600935
3076,0.878686332233871
3077,0.872974716328137
3078,0.86313155316012
3079,0.884148234393799
3080,0.844769357660148
3081,0.871824619655059
3082,0.897069387748074
3083,0.913406346406464
3084,0.893857639203893
3085,0.89350368321029
3086,0.842867278053771
3087,0.9199464000538
3088,0.888864746152674
3089,0.881625285852174
3090,0.854514514878743
3091,0.887347708122779
3092,0.891063985537973
3093,0.888515289676299
3094,0.878405959113906
3095,0.871660552442301
3096,0.840398598805569
3097,0.902617442447896
3098,0.914248663238795
3099,0.849728348211341
3100,0.95644246385317
3101,0.936097140604981
3102,0.951014294046523
3103,0.966975624964615
3104,0.907621458267157
3105,0.917953899739193
3106,0.874732354303443
3107,0.869017123664512
3108,0.88496529591739
3109,0.867138821140689
3110,0.848822165816673
3111,0.855995823172626
3112,0.884655339680816
3113,0.883314456222169
3114,0.883480692107487
3115,0.862392989513232
3116,0.924827641471269
3117,0.88214764239497
3118,0.876020671731612
3119,0.9126870185579
3120,0.913691388710227
3121,0.928664873751363
3122,0.882451957511857
3123,0.885885405750466
3124,0.860568469704163
3125,0.839006900939837
3126,0.81602174451102
3127,0.87776037440028
3128,0.86402359891219
3129,0.876983510265298
3130,0.867622443059782
3131,0.853590357874441
3132,0.866210022696235
3133,0.869945702346878
3134,0.872742586208402
3135,0.868241296183161
3136,0.863432269285235
3137,0.889137277023068
3138,0.877846754505577
3139,0.896450042612201
3140,0.828976295249328
3141,0.861493390842229
3142,0.857262974394228
3143,0.889836149778407
3144,0.900677309248616
3145,0.910195437904609
3146,0.873350136915272
3147,0.860880157619727
3148,0.904088614064802
3149,0.858192700505875
3150,0.865874864691189
3151,0.869822762000176
3152,0.883346438616683
3153,0.845834679556574
3154,0.866716816481544
3155,0.856923993912385
3156,0.895641809342251
3157,0.872610090691175
3158,0.89950867093656
3159,0.904934931461578
3160,0.901651604284145
3161,0.890690902719828
3162,0.905308125881452
3163,0.90705221446088
3164,0.872688999091223
3165,0.916528112976901
3166,0.921808986103399
3167,0.88039339510226
3168,0.871387152546327
3169,0.897271134141191
3170,0.901949356461386
3171,0.892066682839392
3172,0.868703602970503
3173,0.867328448863647
3174,0.933126152371234
3175,0.88256127685651
3176,0.893299287936893
3177,0.911814250355514
3178,0.885333918379917
3179,0.920969499871392
3180,0.858916240761159
3181,0.90661139198953
3182,0.90371500248968
3183,0.91019891716773
3184,0.819252381567035
3185,0.85645470519299
3186,0.884372653955304
3187,0.891884757440257
3188,0.86305589245539
3189,0.908749787011636
3190,0.881881748131007
3191,0.916682051964144
3192,0.947061585859756
3193,0.916916155239369
3194,0.946992314768541
3195,0.882157658656471
3196,0.884119643098278
3197,0.87253482522046
3198,0.920657694424596
3199,0.8728736336534
3200,0.898364087133692
3201,0.899425341134507
3202,0.901109516830594
3203,0.88963411726757
3204,0.882938443395846
3205,0.873258465363461
3206,0.863889712177905
3207,0.886554645826046
3208,0.901514827812745
3209,0.869347006403788
3210,0.922370798176384
3211,0.906294200110824
3212,0.831873537742256
3213,0.798050667286546
3214,0.868241472030714
3215,0.921115176364198
3216,0.878003192791454
3217,0.872670190875492
3218,0.917356094675283
3219,0.861308611902013
3220,0.872016620620171
3221,0.89067472551614
3222,0.870018051336502
3223,0.906264119862983
3224,0.874152962478477
3225,0.897927821991066
3226,0.84172515569157
3227,0.878536484714981
3228,0.8246402991104
3229,0.907590123652592
3230,0.851902329458884
3231,0.838405628505258
3232,0.915040443996781
3233,0.905562606300542
3234,0.902801931338571
3235,0.9001146707467
3236,0.870356283032159
3237,0.865438494278238
3238,0.905203178601952
3239,0.880603176451387
3240,0.871566260031047
3241,0.891210129761857
3242,0.877595195129329
3243,0.877507128228099
3244,0.898762705415068
3245,0.880452263831308
3246,0.887439512778297
3247,0.920989650829284
3248,0.907854361146662
3249,0.910347287887303
3250,0.910238444091907
3251,0.922857273935237
3252,0.915578293292436
3253,0.915480654984324
3254,0.915561257482662
3255,0.902260219566257
3256,0.847356069568434
3257,0.886480224418833
3258,0.82625029643626
3259,0.913918000298677
3260,0.925262596826062
3261,0.87882973461816
3262,0.867387343179832
3263,0.924333443441164
3264,0.910394410610422
3265,0.900583004066429
3266,0.883948478725888
3267,0.902492729824128
3268,0.899189178206574
3269,0.906557849158516
3270,0.875860089001659
3271,0.872928464690897
3272,0.882359275081046
3273,0.88215635191227
3274,0.896934953479588
3275,0.874746240715536
3276,0.855616063675904
3277,0.906097800866725
3278,0.918190391104322
3279,0.908408863758612
3280,0.859774246553238
3281,0.909971470067931
3282,0.858082915511847
3283,0.891156127921249
3284,0.8955821854289
3285,0.897673731680218
3286,0.894258260794948
3287,0.915945943888428
3288,0.897886558834138
3289,0.912347092463242
3290,0.923956144442908
3291,0.912489586538247
3292,0.907939554613967
3293,0.912290206316852
3294,0.886390528289124
3295,0.89537443713509
3296,0.883912425301603
3297,0.864345452896678
3298,0.867067365475929
3299,0.87499805374518
3300,0.831877555143389
3301,0.785404120267395
3302,0.921678638829681
3303,0.85265815496035
3304,0.889386693381762
3305,0.887856440313499
3306,0.894373247252635
3307,0.865033077734571
3308,0.886045246029981
3309,0.880974761751139
3310,0.910101980458507
3311,0.919033725788937
3312,0.886217481824255
3313,0.873714611983346
3314,0.894783221936752
3315,0.878067690253442
3316,0.878397468983698
3317,0.914914386711521
3318,0.885724193268428
3319,0.82942140206094
3320,0.885225192456862
3321,0.874391162975279
3322,0.897689935335922
3323,0.888419307747539
3324,0.931225934993188
3325,0.896872437197804
3326,0.878858871285917
3327,0.884568772590101
3328,0.871587153461396
3329,0.876387708361399
3330,0.850585761218081
3331,0.836960153649076
3332,0.90058241468326
3333,0.913380690194533
3334,0.82610770167264
3335,0.85762495721882
3336,0.862297651663425
3337,0.837016065543537
3338,0.847911643890879
3339,0.901071263962729
3340,0.860046178864588
3341,0.895574132572251
3342,0.913985391221651
3343,0.907679306449431
3344,0.880860226292497
3345,0.880877760965
3346,0.870891088445709
3347,0.925269905299787
3348,0.917225278095826
3349,0.927248290875784
3350,0.902915901742598
3351,0.890354520272535
3352,0.902116248396009
3353,0.85841616508595
3354,0.875482449600343
3355,0.900232552974351
3356,0.879103257778893
3357,0.863008833236886
3358,0.919776341096137
3359,0.903653627823193
3360,0.889936226732903
3361,0.88738215797944
3362,0.885069319132309
3363,0.885595441545649
3364,0.854824977195852
3365,0.867266991296599
3366,0.884576900727926
3367,0.876931599386342
3368,0.881625905491731
3369,0.794308131967476
3370,0.899891393812801
3371,0.803587288071825
3372,0.872493721134671
3373,0.827497681554712
3374,0.868236650652326
3375,0.908362211226216
3376,0.875413493228672
3377,0.909956787946537
3378,0.886998107699447
3379,0.909905184489655
3380,0.875794754470696
3381,0.904386915165388
3382,0.920712808054224
3383,0.868368616949678
3384,0.908548629284425
3385,0.886166165058551
3386,0.902569435806684
3387,0.864277613962533
3388,0.895601748012614
3389,0.879031201415226
3390,0.851277374853422
3391,0.891916484171275
3392,0.896132886580207
3393,0.883816288230078
3394,0.855177773912261
3395,0.872957266140249
3396,0.86592598769328
3397,0.84944144152213
3398,0.882753176246507
3399,0.903987897706799
3400,0.889230168114241
3401,0.838846901345951
3402,0.897867138702117
3403,0.858009522147239
3404,0.885546790090851
3405,0.875978150442675
3406,0.894352579564081
3407,0.86174453138483
3408,0.898601315358573
3409,0.907251004416092
3410,0.904349860211497
3411,0.880517435668255
3412,0.883346351241372
3413,0.880701945968418
3414,0.874030866014811
3415,0.862935693550752
3416,0.899617056153544
3417,0.877467400728793
3418,0.900810799890483
3419,0.893367028481844
3420,0.863944838474288
3421,0.874002136261857
3422,0.905851566215997
3423,0.903524386774864
3424,0.903038190145844
3425,0.869155979178181
3426,0.937853194485143
3427,0.897857579099949
3428,0.888215587850938
3429,0.900212134629299
3430,0.881427538867499
3431,0.896697166394585
3432,0.868083096639679
3433,0.918450369013952
3434,0.894652677896193
3435,0.877806100791594
3436,0.90273456761679
3437,0.896763957591136
3438,0.840773081788385
3439,0.925352458804644
3440,0.909848649523773
3441,0.915523524520419
3442,0.885509965794966
3443,0.89837297524286
3444,0.898133748551498
3445,0.857668987144575
3446,0.923707655471709
3447,0.942438992096752
3448,0.883166708844162
3449,0.891467414949009
3450,0.927620774544063
3451,0.915767549291581
3452,0.916288433384312
3453,0.899273176270288
3454,0.879572859510624
3455,0.894895460157753
3456,0.823940250715473
3457,0.886402215898885
3458,0.872488454967633
3459,0.90620335157924
3460,0.891741204749944
3461,0.892443804562843
3462,0.866794407397646
3463,0.857836250130164
3464,0.844681457548062
3465,0.856172168368219
3466,0.899356961326149
3467,0.870071500386673
3468,0.921468162365987
3469,0.854399444815254
3470,0.915786852138604
3471,0.804640147166396
3472,0.828319067715331
3473,0.860981459267503
3474,0.893879092638709
3475,0.872762461775877
3476,0.903369053188745
3477,0.849180334802581
3478,0.914054709517824
3479,0.90172456227199
3480,0.877926695577489
3481,0.929756923775946
3482,0.867995170592984
3483,0.861053049322114
3484,0.888351875903917
3485,0.814204643891579
3486,0.908092464148399
3487,0.848671153202685
3488,0.853448518214487
3489,0.841235468294723
3490,0.906801643592123
3491,0.857446980184864
3492,0.914287725855649
3493,0.92213278211766
3494,0.896176758495148
3495,0.897138426219908
3496,0.867484199934333
3497,0.842804465984765
3498,0.882658457285276
3499,0.874701930629812
3500,0.923845990716648
3501,0.895164134502704
3502,0.895871762844076
3503,0.893466571336461
3504,0.911312142635383
3505,0.903811947491705
3506,0.911626802680435
3507,0.825473450882573
3508,0.890629440308762
3509,0.863891149712548
3510,0.889008197538819
3511,0.816335361636457
3512,0.935637048960131
3513,0.92182902468251
3514,0.9062586671954
3515,0.900611078086902
3516,0.878791212921825
3517,0.908872228849584
3518,0.890288743477494
3519,0.841550958816028
3520,0.850023716019209
3521,0.846424390586334
3522,0.919918350480707
3523,0.878498708594488
3524,0.873189587032805
3525,0.914304438261747
3526,0.862758457956503
3527,0.906712112572963
3528,0.869425375085892
3529,0.891692234393014
3530,0.881479137529913
3531,0.878655933214844
3532,0.914501098571679
3533,0.891614725383122
3534,0.869372452195672
3535,0.882677805083379
3536,0.886223160696799
3537,0.84890277298166
3538,0.90590237224657
3539,0.880281275863392
3540,0.882889596489108
3541,0.870221966100714
3542,0.905015314541096
3543,0.886806264982017
3544,0.896359723005804
3545,0.947140669592017
3546,0.865693632609431
3547,0.928389852852237
3548,0.856959655004779
3549,0.835756916850613
3550,0.876935421116813
3551,0.878643421955667
3552,0.85659244560317
3553,0.89596295652574
3554,0.847529769882632
3555,0.824254072752992
3556,0.88582966524914
3557,0.861699616442318
3558,0.846225398027717
3559,0.881027090374374
3560,0.903257619884686
3561,0.909241512180849
3562,0.89660648095881
3563,0.896833807574832
3564,0.853960964733494
3565,0.846151495578313
3566,0.87302856557792
3567,0.875990470138662
3568,0.89064026928339
3569,0.853160287999893
3570,0.861468499414364
3571,0.840959788713258
3572,0.872305261181742
3573,0.865481557945666
3574,0.839073708252405
3575,0.837604662947468
3576,0.850235424737727
3577,0.914691639179571
3578,0.870181576457098
3579,0.893294660907568
3580,0.854756563213772
3581,0.892756526670982
3582,0.9055630401168
3583,0.902625142891288
3584,0.909418587414061
3585,0.85911409533047
3586,0.921346926101427
3587,0.861625521003694
3588,0.889490316953842
3589,0.898839772727079
3590,0.908834526379983
3591,0.88319935892291
3592,0.911431321998943
3593,0.873835241210439
3594,0.871777137481662
3595,0.870085671317901
3596,0.872421339192236
3597,0.865654655317821
3598,0.882251452115972
3599,0.902076398014328
3600,0.888735690645955
3601,0.899276855607763
3602,0.903345201374687
3603,0.892202310398877
3604,0.904566462073296
3605,0.903861723463228
3606,0.851148922238367
3607,0.901091154669231
3608,0.870189384249817
3609,0.864281694691602
3610,0.845669418813756
3611,0.878726887586612
3612,0.861991994356462
3613,0.875680333785503
3614,0.908559839777431
3615,0.893339269776467
3616,0.906198804070662
3617,0.887542561444937
3618,0.856254270612964
3619,0.922312268570547
3620,0.866594968189638
3621,0.852639097427072
3622,0.859658696338715
3623,0.867834942637067
3624,0.899352647759374
3625,0.916361098693923
3626,0.876023100703887
3627,0.902935969937326
3628,0.874940606053982
3629,0.90615579085753
3630,0.910523931012214
3631,0.903957506755887
3632,0.885562538310452
3633,0.865239806252654
3634,0.905582967252305
3635,0.852571489856212
3636,0.834887735184581
3637,0.916563505833927
3638,0.907381014345708
3639,0.918616432691615
3640,0.869708261544103
3641,0.877306898480015
3642,0.905830621869948
3643,0.853901479872739
3644,0.893902905931711
3645,0.886358729373753
3646,0.899781670729444
3647,0.900383210969802
3648,0.889965619176304
3649,0.897881198755479
3650,0.894629813071659
3651,0.88052353068775
3652,0.871089982072546
3653,0.870130486866956
3654,0.87900730086922
3655,0.908066631689858
3656,0.892185076376993
3657,0.857507488962286
3658,0.878221807785353
3659,0.885381380020941
3660,0.88315060183511
3661,0.883819838706458
3662,0.916983055609307
3663,0.883385959664699
3664,0.91466944837935
3665,0.903505582866802
3666,0.91134485868178
3667,0.871232381675403
3668,0.891706913291623
3669,0.893245989760266
3670,0.882223696069533
3671,0.894299885206704
3672,0.886223899414676
3673,0.89867216148134
3674,0.903371018163074
3675,0.913099932062404
3676,0.927947921030346
3677,0.922660904876794
3678,0.921244346521159
3679,0.918374237066271
3680,0.910940588708403
3681,0.907750953982737
3682,0.854973348340382
3683,0.919469166702926
3684,0.867052218870526
3685,0.887781912419462
3686,0.907656501431756
3687,0.892480733632437
3688,0.877348103907452
3689,0.888913187172635
3690,0.888070709288587
3691,0.854597823477889
3692,0.902624296441854
3693,0.86760944208422
3694,0.872270527012035
3695,0.884427874568093
3696,0.912951156064009
3697,0.839329912035975
3698,0.870306111340489
3699,0.868578850199824
3700,0.88830858000108
3701,0.884519724384815
3702,0.864047259983093
3703,0.826359967517852
3704,0.8844266952501
3705,0.873557973497591
3706,0.888367842847647
3707,0.905269836349102
3708,0.859181691662237
3709,0.842290252676937
3710,0.893371180139142
3711,0.896019616557369
3712,0.885645842335718
3713,0.941826581277542
3714,0.895667550247749
3715,0.872074295239778
3716,0.881154620067554
3717,0.875009504891953
3718,0.876021436983893
3719,0.882362201799342
3720,0.887521844082037
3721,0.881705368926132
3722,0.904137350875839
3723,0.866560617787265
3724,0.856565787033248
3725,0.869064362079111
3726,0.863086104866373
3727,0.903346702463647
3728,0.898714101302039
3729,0.918369507870916
3730,0.913765719301952
3731,0.898812497958761
3732,0.9205253734932
3733,0.909903797536796
3734,0.893201392158274
3735,0.897265650904331
3736,0.859311353128418
3737,0.895374911567814
3738,0.878117196181096
3739,0.888153068269412
3740,0.850337091412189
3741,0.891963687747592
3742,0.876359879724289
3743,0.888025950420075
3744,0.870420840931825
3745,0.870333691823295
3746,0.860528503024924
3747,0.908552729485623
3748,0.891656154412881
3749,0.908711397546444
3750,0.875455382393937
3751,0.901802800708287
3752,0.884901134148071
3753,0.88711325078636
3754,0.894432942441423
3755,0.873229989555179
3756,0.930398739850621
3757,0.777605818568868
3758,0.905759830034091
3759,0.818082418426129
3760,0.872203773344559
3761,0.872867568451555
3762,0.889142650367842
3763,0.870156092428454
3764,0.857558086198727
3765,0.855120645992892
3766,0.885472943503995
3767,0.856884663727652
3768,0.842729229987347
3769,0.850506550663408
3770,0.840638894926993
3771,0.861188752732034
3772,0.921759801460166
3773,0.882157281630635
3774,0.863643898199123
3775,0.949361522796058
3776,0.8728181347774
3777,0.887125908465967
3778,0.882328249310007
3779,0.898409834750141
3780,0.906900529974201
3781,0.894835007431647
3782,0.885035610813471
3783,0.864961536646815
3784,0.908134045151178
3785,0.882571178258928
3786,0.838696060456571
3787,0.863001573744612
3788,0.924074140204864
3789,0.905732602137579
3790,0.923955118579644
3791,0.911534212720283
3792,0.904945730322049
3793,0.93394740532617
3794,0.896144527899478
3795,0.924763587130359
3796,0.858681851781872
3797,0.85310905391197
3798,0.89022726790975
3799,0.902051295670973
3800,0.838378965930473
3801,0.884970010055786
3802,0.832795416293999
3803,0.859888261878816
3804,0.88269918185733
3805,0.864863813691829
3806,0.881568570224986
3807,0.87292505241666
3808,0.830988052679622
3809,0.918870579289993
3810,0.885657293927258
3811,0.86213394016964
3812,0.867879617037649
3813,0.909137350185093
3814,0.854575381311124
3815,0.880217438060739
3816,0.872079787376762
3817,0.8950171000104
3818,0.814576463897817
3819,0.904829116097883
3820,0.902419829227522
3821,0.850674662652959
3822,0.851552636301369
3823,0.843375794325492
3824,0.856364661996404
3825,0.841319362479728
3826,0.883249315368894
3827,0.854125680913766
3828,0.8921560197904
3829,0.822367789695927
3830,0.848380123859769
3831,0.845977747151965
3832,0.810040925825792
3833,0.942962161163559
3834,0.874839278070504
3835,0.852500261050772
3836,0.887952768334632
3837,0.852853415392113
3838,0.901966188662692
3839,0.893775490382512
3840,0.879620335342031
3841,0.877510901603934
3842,0.874276557745515
3843,0.918206761766247
3844,0.870135061127342
3845,0.913129031192525
3846,0.847683508551386
3847,0.885300360985946
3848,0.875949132223293
3849,0.827996227573799
3850,0.890296657920897
3851,0.914526656844644
3852,0.878178257252165
3853,0.880335185488595
3854,0.856092221830589
3855,0.866695723020476
3856,0.872526117421353
3857,0.87646025713679
3858,0.876556140232941
3859,0.891938311508526
3860,0.891800860325653
3861,0.890573931041082
3862,0.868000622505138
3863,0.866594233595306
3864,0.833417627330002
3865,0.911988427617064
3866,0.871052883568494
3867,0.891843215879685
3868,0.904375348832117
3869,0.836361005712201
3870,0.90788187350779
3871,0.853687617255345
3872,0.864960368523258
3873,0.864304895170731
3874,0.905782069318044
3875,0.87004590659059
3876,0.858565689946772
3877,0.842578552867131
3878,0.841972369305553
3879,0.87142212012464
3880,0.919538460018991
3881,0.909485922601892
3882,0.875309199661248
3883,0.91192908956375
3884,0.945882992017198
3885,0.911304957678575
3886,0.899542845978806
3887,0.884426232722484
3888,0.906513589744155
3889,0.888766827701092
3890,0.885421170939428
3891,0.881459381875602
3892,0.872327571563295
3893,0.918757765111963
3894,0.906911962837811
3895,0.889837711389257
3896,0.891971581620408
3897,0.885077048205107
3898,0.880106873962998
3899,0.88394869675807
3900,0.915214312644591
3901,0.885422971634075
3902,0.863758443772144
3903,0.872719251681873
3904,0.857588334587875
3905,0.900410031048731
3906,0.884132448706612
3907,0.90872518028504
3908,0.896528375701443
3909,0.899082552887304
3910,0.900865015434226
3911,0.831866236665564
3912,0.88857869631922
3913,0.86590677252377
3914,0.887787443113993
3915,0.82804476388039
3916,0.88452647032147
3917,0.852728600575832
3918,0.845606092254093
3919,0.880938489215025
3920,0.871386270550347
3921,0.878188612800996
3922,0.890472347966
3923,0.873406810373517
3924,0.863628149339605
3925,0.87754561408352
3926,0.876987814042738
3927,0.90192706810376
3928,0.849427333728884
3929,0.888921087835495
3930,0.884209929463742
3931,0.921231463456777
3932,0.906519538016628
3933,0.88586472077822
3934,0.906708429795304
3935,0.888503222314023
3936,0.930537498079164
3937,0.857122100145318
3938,0.88983964833026
3939,0.895635350203749
3940,0.896776249605441
3941,0.868115527517163
3942,0.871465085655155
3943,0.895547031166387
3944,0.886524867483627
3945,0.878727051025438
3946,0.886330588328882
3947,0.898647500532911
3948,0.88286836232734
3949,0.876722773947214
3950,0.872820276994037
3951,0.912369542767065
3952,0.88210966290691
3953,0.922477146241538
3954,0.850956865008276
3955,0.862939428965599
3956,0.849777715170024
3957,0.8868922665059
3958,0.868265271549062
3959,0.938471940887832
3960,0.894980573841759
3961,0.89661878850787
3962,0.859066545869566
3963,0.915409085680463
3964,0.920544933502493
3965,0.914426929099925
3966,0.882062463466431
3967,0.86984545379568
3968,0.879496605509098
3969,0.914603123917848
3970,0.871478804216101
3971,0.850120336638538
3972,0.867247730812507
3973,0.904700796701278
3974,0.912855229740939
3975,0.846025369548211
3976,0.883750776057797
3977,0.884616948025246
3978,0.86513093809628
3979,0.89677290324502
3980,0.877000224869301
3981,0.890631259629007
3982,0.902789905969358
3983,0.911202707525341
3984,0.870286792992849
3985,0.88221903356708
3986,0.87652048562691
3987,0.866580141170525
3988,0.805119945117882
3989,0.875533979784629
3990,0.895648637237244
3991,0.928613374436562
3992,0.859934125966902
3993,0.888938365769615
3994,0.858703435860785
3995,0.84514346999573
3996,0.853271729204973
3997,0.838572740154727
3998,0.89405977904675
3999,0.859628614559067
4000,0.866552705829141
4001,0.884565016200311
4002,0.884710976922725
4003,0.898617979542046
4004,0.907887488071636
4005,0.864071046564414
4006,0.868917957785905
4007,0.83802052987563
4008,0.899159906937348
4009,0.873864171256802
4010,0.90866947305636
4011,0.92215175580315
4012,0.924200764390175
4013,0.865839721394991
4014,0.901029335058051
4015,0.877287849133975
4016,0.852694776700648
4017,0.881328664408805
4018,0.874182069845328
4019,0.903574408341797
4020,0.906086409628197
4021,0.902905489268326
4022,0.864656045607145
4023,0.901413675324424
4024,0.834464112088526
4025,0.881495390110768
4026,0.91179494407584
4027,0.916857836109068
4028,0.92900877842435
4029,0.929320365776836
4030,0.931499474704954
4031,0.930613216760846
4032,0.935588863466544
4033,0.933900732415418
4034,0.940262085025436
4035,0.826249586195752
4036,0.848727744869542
4037,0.861549934835627
4038,0.875428211071712
4039,0.899830989508243
4040,0.894617203192306
4041,0.876077921233429
4042,0.876982501835192
4043,0.906283916435317
4044,0.928599733158346
4045,0.887287654446223
4046,0.856176690131375
4047,0.851919900570988
4048,0.870762892850757
4049,0.897498293246072
4050,0.89658504814761
4051,0.865490888021148
4052,0.863956919335552
4053,0.882306517475957
4054,0.805894589570134
4055,0.867252147269986
4056,0.839739923623015
4057,0.831968911548725
4058,0.874607323747285
4059,0.84738103794186
4060,0.862021761176797
4061,0.912565829291684
4062,0.923849025918268
4063,0.939619615244459
4064,0.899256792456623
4065,0.890945855146307
4066,0.907292524727119
4067,0.896772224679934
4068,0.863076272487028
4069,0.904436507250115
4070,0.893823117387963
4071,0.909564812018469
4072,0.928541734073199
4073,0.901337473874993
4074,0.929286533194035
4075,0.888092524675878
4076,0.86470207580833
4077,0.877667070573143
4078,0.894910221383403
4079,0.874220961394569
4080,0.883713677184106
4081,0.896498906260314
4082,0.877689287285023
4083,0.872666407809907
4084,0.868828779221784
4085,0.871306987798871
4086,0.844002316564162
4087,0.86490210072886
4088,0.895923045634415
4089,0.883662828470895
4090,0.867730351693521
4091,0.908861141726157
4092,0.905007550898724
4093,0.887467476639826
4094,0.898546492202078
4095,0.863715010637139
4096,0.869312566221999
4097,0.872614485432555
4098,0.900123848245998
4099,0.909999745004673
4100,0.882374201830145
4101,0.902169128908856
4102,0.882083165314957
4103,0.911609829457142
4104,0.913221998469009
4105,0.865511443498314
4106,0.873289547204155
4107,0.946394690163081
4108,0.869937143217308
4109,0.927886838508768
4110,0.870244497504154
4111,0.945132935924069
4112,0.847578063875225
4113,0.878930100135218
4114,0.8690865263173
4115,0.88811783483826
4116,0.890439543418815
4117,0.927540088296892
4118,0.892592780383428
4119,0.891936313700525
4120,0.8962625570219
4121,0.854688720630231
4122,0.913568673828406
4123,0.893060626258264
4124,0.945214381934871
4125,0.907665229728885
4126,0.944059710820019
4127,0.913689588071096
4128,0.86226623931771
4129,0.868795663956246
4130,0.882201048434934
4131,0.893361118310559
4132,0.901494592790881
4133,0.91474240664489
4134,0.891112048959962
4135,0.92349012624275
4136,0.901378363339839
4137,0.933037706813373
4138,0.89877045616249
4139,0.870967873685901
4140,0.874108088005552
4141,0.888401557012482
4142,0.861851169685631
4143,0.936933936071324
4144,0.917484368423148
4145,0.915743106646159
4146,0.880965039710059
4147,0.884465783599691
4148,0.875038483048492
4149,0.898235811645006
4150,0.926059582753541
4151,0.92116682274159
4152,0.932629141910669
4153,0.90535338189902
4154,0.921698193019333
4155,0.909754147814315
4156,0.893968587722512
4157,0.903341218532167
4158,0.885874584569396
4159,0.880948616389225
4160,0.870710961511634
4161,0.864060901036338
4162,0.871923945242414
4163,0.912182149633566
4164,0.930440085281512
4165,0.915125898469681
4166,0.887853232641933
4167,0.877153524013185
4168,0.876820323151823
4169,0.870427587573824
4170,0.902406947652337
4171,0.865001197969267
4172,0.887353862824633
4173,0.883511939189509
4174,0.906407293125652
4175,0.932565623248166
4176,0.896520404310917
4177,0.881760277893566
4178,0.856269230956033
4179,0.873842510464028
4180,0.868323225454335
4181,0.902665996714351
4182,0.907463973163455
4183,0.874685664270446
4184,0.847714252034623
4185,0.861352042749983
4186,0.864053112133223
4187,0.837723055799229
4188,0.880871036306262
4189,0.870804492441735
4190,0.8768238716586
4191,0.86095277118739
4192,0.889594889066077
4193,0.902584688404829
4194,0.879688588650442
4195,0.851042193801919
4196,0.87623256355893
4197,0.818729232275513
4198,0.858836870944744
4199,0.843339214362056
4200,0.875322983196787
4201,0.877850407737272
4202,0.856520105067307
4203,0.874151511901428
4204,0.889456803730641
4205,0.88071960449691
4206,0.888907726765336
4207,0.912423285161912
4208,0.902767338899696
4209,0.850904325086595
4210,0.860143189414538
4211,0.876587948790736
4212,0.904758650872819
4213,0.893655963593248
4214,0.896265557856588
4215,0.882530048414867
4216,0.887539657589674
4217,0.885552477393829
4218,0.87450414963373
4219,0.839523681426753
4220,0.912235991187496
4221,0.864464211627824
4222,0.875853585178666
4223,0.90277817139005
4224,0.87988897474123
4225,0.899269043985485
4226,0.872185787817007
4227,0.893968389887469
4228,0.895821238800349
4229,0.882025228882988
4230,0.875024185831117
4231,0.872138805992991
4232,0.87949223369769
4233,0.88506889575151
4234,0.905850470699338
4235,0.884766796149035
4236,0.895265659681099
4237,0.890578533604788
4238,0.884683010811175
4239,0.852690109542226
4240,0.85576452030973
4241,0.851776987613606
4242,0.846840281447098
4243,0.858245218785287
4244,0.845440190440121
4245,0.887496723846655
4246,0.815832509949654
4247,0.816659118307441
4248,0.855749582411375
4249,0.869615384009504
4250,0.86779383168951
4251,0.884050891251845
4252,0.822256617915553
4253,0.894398662114163
4254,0.846647669753404
4255,0.927733422078869
4256,0.894229702400469
4257,0.880455488431147
4258,0.887283387865503
4259,0.808861055908423
4260,0.864513982311624
4261,0.855770017713433
4262,0.859491373267227
4263,0.878299697618769
4264,0.901563496125633
4265,0.864333228296134
4266,0.910932558221562
4267,0.879388059355819
4268,0.927272461421192
4269,0.850025644230109
4270,0.854691936338931
4271,0.861037300397374
4272,0.872835808240531
4273,0.863730024404512
4274,0.885941461300384
4275,0.885332185018696
4276,0.886715294708516
4277,0.882351626823098
4278,0.834813370393248
4279,0.880274746591256
4280,0.89645659426353
4281,0.886818765775672
4282,0.87699656878955
4283,0.889826544417151
4284,0.896250202571203
4285,0.895424012941336
4286,0.926346348865022
4287,0.92764334055123
4288,0.928215415488635
4289,0.937761150688409
4290,0.92334585592039
4291,0.910450706775485
4292,0.951624794260048
4293,0.911205550143667
4294,0.920639820034425
4295,0.913531221328828
4296,0.918510267085232
4297,0.89029773311098
4298,0.842507780993811
4299,0.899282502887609
4300,0.876539882236315
4301,0.86792736897589
4302,0.844278321896399
4303,0.86598768680491
4304,0.855673169980009
4305,0.849114655916815
4306,0.882650578419136
4307,0.879044573335585
4308,0.874773739890203
4309,0.889311165989656
4310,0.876595974328316
4311,0.915158632895772
4312,0.897539135576164
4313,0.866536604595896
4314,0.901051293442301
4315,0.890730644319466
4316,0.861980546498941
4317,0.890495314384295
4318,0.893583161806294
4319,0.861154954840299
4320,0.894066629374484
4321,0.830147350262269
4322,0.791910599187758
4323,0.769537555915703
4324,0.902123372818194
4325,0.913275265051059
4326,0.919718856928567
4327,0.894663135063588
4328,0.883219765348644
4329,0.882037625710539
4330,0.935979231905288
4331,0.873183732426218
4332,0.887582774969441
4333,0.897688244656058
4334,0.896312613658898
4335,0.898545489390859
4336,0.931289073414977
4337,0.905181894108934
4338,0.914952309482293
4339,0.888111699653946
4340,0.914592899864074
4341,0.917756347323798
4342,0.929471546898901
4343,0.857393378018585
4344,0.906980796348991
4345,0.90667827508492
4346,0.847688402565927
4347,0.887156894214203
4348,0.882932096434997
4349,0.907627294928786
4350,0.916280327867581
4351,0.901191766809347
4352,0.903125571268282
4353,0.835807655193861
4354,0.890160805979874
4355,0.882617119536714
4356,0.910416537396286
4357,0.922918949499795
4358,0.856984039107972
4359,0.863343922256222
4360,0.865365086585449
4361,0.910022040747788
4362,0.864357825897176
4363,0.871105093598596
4364,0.884089998079715
4365,0.897803214822186
4366,0.867814062671076
4367,0.872218596150962
4368,0.860314906112182
4369,0.870910260436837
4370,0.870790724531367
4371,0.879678045777874
4372,0.887389427848168
4373,0.814182172977118
4374,0.856109750217949
4375,0.826565269586342
4376,0.864331566001564
4377,0.854793880889084
4378,0.892642433647414
4379,0.915327603175772
4380,0.886305846816883
4381,0.887277687061772
4382,0.908917125117711
4383,0.912384958029685
4384,0.896427340500748
4385,0.886710110599323
4386,0.854472423538152
4387,0.872649588029674
4388,0.904342218041008
4389,0.911012897763003
4390,0.933596528678186
4391,0.895572462445932
4392,0.889844445716618
4393,0.887864196776814
4394,0.875570689318501
4395,0.877630330700853
4396,0.877373786449221
4397,0.926977635562189
4398,0.926370557296652
4399,0.872133091719362
4400,0.887775270405033
4401,0.864467321732937
4402,0.831153326876029
4403,0.871371578994019
4404,0.850550324714555
4405,0.893607734285653
4406,0.878048891206722
4407,0.877471790767879
4408,0.867724122804587
4409,0.882302299630849
4410,0.88725237557246
4411,0.896808000196014
4412,0.900283913875154
4413,0.944722549594095
4414,0.880819271077306
4415,0.907392236470522
4416,0.910092958088181
4417,0.838112582813257
4418,0.878497842751131
4419,0.843012225911138
4420,0.904856152597606
4421,0.868257767116781
4422,0.866905999967814
4423,0.813826733308145
4424,0.895228449114009
4425,0.822996975809843
4426,0.881318279638928
4427,0.863875081646356
4428,0.850401741371041
4429,0.921082885843318
4430,0.873162273627509
4431,0.927468945570374
4432,0.922168305552705
4433,0.908879849840693
4434,0.905574734177131
4435,0.88785237718445
4436,0.934911930233375
4437,0.917999813032215
4438,0.80668345810247
4439,0.863248971497524
4440,0.834236306098892
4441,0.866779498019659
4442,0.844271813775801
4443,0.902897821982529
4444,0.859899445196147
4445,0.886261635295769
4446,0.865660103992552
4447,0.893238984689588
4448,0.884676062066858
4449,0.894988555548889
4450,0.850736655281997
4451,0.892787229257462
4452,0.890905187300549
4453,0.876585921981285
4454,0.894281982711115
4455,0.893818547973226
4456,0.872128910287006
4457,0.898870711527256
4458,0.887490679833082
4459,0.891130286853269
4460,0.836357035041255
4461,0.898056644292708
4462,0.910369200019964
4463,0.89094840419704
4464,0.903844132136736
4465,0.90187094221587
4466,0.879941441332494
4467,0.886359631033268
4468,0.892012135215613
4469,0.863661292126168
4470,0.888842271968232
4471,0.90675859056356
4472,0.895075100360674
4473,0.894965598699787
4474,0.91342709876168
4475,0.805582153903609
4476,0.878852130172727
4477,0.865925557089101
4478,0.867096190579078
4479,0.959266482620242
4480,0.864442928483035
4481,0.855539367876802
4482,0.865917415621442
4483,0.846382630091215
4484,0.860814849968829
4485,0.882614888362215
4486,0.868800405980781
4487,0.87244108089637
4488,0.866909989345221
4489,0.890491366876296
4490,0.873744930449109
4491,0.904473761673795
4492,0.913126570754269
4493,0.869271375778109
4494,0.931571168513316
4495,0.890453237278102
4496,0.893003900528425
4497,0.897657608923562
4498,0.89785395552716
4499,0.880525002402537
4500,0.854461402947046
4501,0.896459897953336
4502,0.903119366230224
4503,0.899633384932641
4504,0.88726702677558
4505,0.880230284190086
4506,0.894465270735044
4507,0.890127762365167
4508,0.880580775780654
4509,0.894515548745699
4510,0.878194619822553
4511,0.89792570660473
4512,0.869561781943137
4513,0.8727597528709
4514,0.842103568082094
4515,0.892452340594068
4516,0.918240687888205
4517,0.88718919437747
4518,0.893444857428919
4519,0.897204773979697
4520,0.89773323653882
4521,0.883915688276189
4522,0.902429009817837
4523,0.868059909993639
4524,0.872365414469243
4525,0.882461355528152
4526,0.864640967350019
4527,0.888917579001636
4528,0.818979971932265
4529,0.920852960219035
4530,0.872904362560513
4531,0.906325952644689
4532,0.880889006393583
4533,0.877971803693051
4534,0.852344685513476
4535,0.948978086843778
4536,0.892093313257848
4537,0.843686548188324
4538,0.845317572480422
4539,0.8818771545385
4540,0.905465419104488
4541,0.864561653406015
4542,0.873686756872398
4543,0.879556497261148
4544,0.904460277901875
4545,0.86874555939326
4546,0.856705707922039
4547,0.870188838015663
4548,0.890422893363535
4549,0.87900191934958
4550,0.88727888941416
4551,0.867773388335001
4552,0.9079464854157
4553,0.861348024725195
4554,0.893152260774109
4555,0.896694598040719
4556,0.897083921547645
4557,0.873599471884625
4558,0.88061070184665
4559,0.884806858479535
4560,0.874259534197927
4561,0.841953109158118
4562,0.896036921047172
4563,0.813163808506848
4564,0.863015778329672
4565,0.874476427349236
4566,0.912918527362161
4567,0.901116361177306
4568,0.906545096125931
4569,0.874121500405603
4570,0.876204999829747
4571,0.904178272211345
4572,0.897069600443236
4573,0.945980650361118
4574,0.891779518037036
4575,0.89516098352
4576,0.892398914726999
4577,0.846571162710158
4578,0.84279051973685
4579,0.871288897698231
4580,0.849070393842123
4581,0.895468392898406
4582,0.894338674859327
4583,0.883161893720105
4584,0.893122924919248
4585,0.825566791037699
4586,0.860715134972256
4587,0.917531277540249
4588,0.873462131526217
4589,0.91569480751901
4590,0.924006330119756
4591,0.859111391554261
4592,0.900369206077855
4593,0.895390503260102
4594,0.918146716924197
4595,0.874953953501511
4596,0.894264911030393
4597,0.867971016098731
4598,0.912095709593783
4599,0.88428144617889
4600,0.884697114492464
4601,0.871170860324235
4602,0.918757360696479
4603,0.873465982169619
4604,0.879681090676454
4605,0.845552817223157
4606,0.8647656308617
4607,0.861186394462474
4608,0.868557113166437
4609,0.886660148996674
4610,0.897572720279554
4611,0.908058984379037
4612,0.896473045131755
4613,0.876226468748399
4614,0.884773953462777
4615,0.901259314919422
4616,0.88462288866956
4617,0.883870895617441
4618,0.85059834228873
4619,0.814405520925651
4620,0.88746515288037
4621,0.892994577364414
4622,0.874297586372544
4623,0.880112222101173
4624,0.871169754137557
4625,0.887567231065355
4626,0.889699105096976
4627,0.881027087914735
4628,0.883398136286417
4629,0.886848077272258
4630,0.892729579581193
4631,0.913009615431128
4632,0.913149067292546
4633,0.898532900243994
4634,0.877706923864349
4635,0.905267917846861
4636,0.889288787068155
4637,0.892467643174827
4638,0.89064715730326
4639,0.938467933522054
4640,0.885883507102843
4641,0.912113613111697
4642,0.924227188432034
4643,0.894388676524433
4644,0.923180411374281
4645,0.927729192462954
4646,0.889763121741373
4647,0.886357047088387
4648,0.903194965839834
4649,0.876349295032144
4650,0.896297043705531
4651,0.867822865746222
4652,0.898897339181609
4653,0.876825533794205
4654,0.888197024525364
4655,0.874359469038791
4656,0.858957211715986
4657,0.886694158634917
4658,0.865877285356773
4659,0.88264149601889
4660,0.8834310383622
4661,0.879291926756027
4662,0.898964663096114
4663,0.886244204646808
4664,0.919543160618198
4665,0.871338743533202
4666,0.897537846352938
4667,0.866786964797457
4668,0.883992495465414
4669,0.873994360034464
4670,0.861049962467461
4671,0.900163619599292
4672,0.925870214044325
4673,0.861060598527774
4674,0.894559521418255
4675,0.918419514595999
4676,0.914832687410943
4677,0.904280321217017
4678,0.935954129583695
4679,0.91080989480015
4680,0.920340784843295
4681,0.917378012562719
4682,0.939717249639685
4683,0.916046918188514
4684,0.928099648970435
4685,0.829050576106223
4686,0.84786768306006
4687,0.806468817240171
4688,0.867264906240253
4689,0.876228397145721
4690,0.840419656676138
4691,0.876849840584876
4692,0.874087794455052
4693,0.905009172219831
4694,0.90198092170965
4695,0.90301825908714
4696,0.912376468378929
4697,0.881836253831365
4698,0.881203318619795
4699,0.907835807992992
4700,0.905409662955746
4701,0.906466858180573
4702,0.903663445420271
4703,0.911692905552524
4704,0.902040372764242
4705,0.879659854795236
4706,0.87698526066034
4707,0.885991597642715
4708,0.889924819901766
4709,0.9199289770969
4710,0.921473669448325
4711,0.922675831502044
4712,0.887112599423431
4713,0.944418955430344
4714,0.910089772418259
4715,0.919102882604529
4716,0.913193049778639
4717,0.887600783331045
4718,0.857360427080029
4719,0.877046692684996
4720,0.878788753798108
4721,0.888227028944992
4722,0.889632423484218
4723,0.896396812047883
4724,0.871754292901773
4725,0.87412951245163
4726,0.907081147128852
4727,0.865082756337399
4728,0.86748007956845
4729,0.869819541136505
4730,0.897040662959859
4731,0.898760915639224
4732,0.838028201331724
4733,0.875415004729567
4734,0.886190975201993
4735,0.926258895663238
4736,0.897771445063519
4737,0.865338014735529
4738,0.858292997049564
4739,0.893402487475838
4740,0.843254214380566
4741,0.872449920856698
4742,0.881770876873885
4743,0.901538841800834
4744,0.886069130705228
4745,0.895867318164386
4746,0.852056678942909
4747,0.914968447427046
4748,0.882695124624647
4749,0.892304494490698
4750,0.861138819396705
4751,0.90736050391227
4752,0.880695682631199
4753,0.892978476806684
4754,0.885188357034931
4755,0.8686521861456
4756,0.894242026604486
4757,0.898389129994996
4758,0.860148319933507
4759,0.862935490486753
4760,0.843649815498514
4761,0.871603034856742
4762,0.88080587360044
4763,0.894040887706603
4764,0.922439228063067
4765,0.8870885361331
4766,0.927922641564143
4767,0.878457000255051
4768,0.905565331796027
4769,0.880013139250875
4770,0.887246817474061
4771,0.889876731177402
4772,0.907834930489339
4773,0.88897328975829
4774,0.885487976310153
4775,0.885458830886089
4776,0.838087229064064
4777,0.891555973924205
4778,0.89155040985249
4779,0.911810064209474
4780,0.881258417119219
4781,0.884727093472627
4782,0.865709236244911
4783,0.895217209914388
4784,0.906317803079257
4785,0.906100915475088
4786,0.858349975646403
4787,0.816830503789897
4788,0.850660278115282
4789,0.857221540192691
4790,0.871621770050514
4791,0.867324186423247
4792,0.829251076517237
4793,0.905944621451941
4794,0.851313082286553
4795,0.847107558201179
4796,0.848677318247776
4797,0.855857303418905
4798,0.937080921843358
4799,0.909376501576641
4800,0.870827909998901
4801,0.894491109790956
4802,0.863317075142052
4803,0.880248667624287
4804,0.877778595650034
4805,0.873581351057496
4806,0.886087119953307
4807,0.878244897432215
4808,0.860115339837948
4809,0.909851974937976
4810,0.915908629395964
4811,0.93593788421886
4812,0.925719349652837
4813,0.90555824835221
4814,0.879487272914347
4815,0.85934465141331
4816,0.902797269173509
4817,0.90100160336132
4818,0.891145422748291
4819,0.917973620663659
4820,0.890358158957102
4821,0.913503793493577
4822,0.880022136636574
4823,0.889364845788065
4824,0.888373966922822
4825,0.876923324978129
4826,0.895702116811154
4827,0.939390668949985
4828,0.87903818201442
4829,0.880218285470686
4830,0.864363186682813
4831,0.883360354655247
4832,0.846448326037192
4833,0.892865830967988
4834,0.846115713753959
4835,0.857931040696043
4836,0.890142671050846
4837,0.880077818123921
4838,0.893070876643019
4839,0.904372480995629
4840,0.863339624890482
4841,0.872087454361928
4842,0.914052475902551
4843,0.876821599199283
4844,0.9032222509702
4845,0.879645652189243
4846,0.895449940567698
4847,0.87447503245754
4848,0.880853236675349
4849,0.813839921050661
4850,0.866518218261833
4851,0.893825745072417
4852,0.874858274361571
4853,0.879625181753032
4854,0.890208180634279
4855,0.887271975309533
4856,0.882814547848006
4857,0.894125494769526
4858,0.89338479565513
4859,0.902228516130545
4860,0.88957123976794
4861,0.864301821310819
4862,0.842623712489906
4863,0.866887241107584
4864,0.842718361451381
4865,0.894910463558114
4866,0.877239720303202
4867,0.911723476047709
4868,0.93542968434008
4869,0.854298565847135
4870,0.915881940371497
4871,0.929266922438362
4872,0.898521467748814
4873,0.90203191674471
4874,0.874803419671569
4875,0.893656656080214
4876,0.883990399459405
4877,0.894630745639372
4878,0.899177232423374
4879,0.868227901224826
4880,0.896894018658459
4881,0.906441731001365
4882,0.872801830217811
4883,0.911853764332513
4884,0.899827534064459
4885,0.920341584557122
4886,0.910648853677028
4887,0.892087888335952
4888,0.891854066810399
4889,0.879693334940814
4890,0.880791240785513
4891,0.918369680577216
4892,0.868619815528909
4893,0.857244411517589
4894,0.908895714580554
4895,0.892611478648916
4896,0.929612399276634
4897,0.881754257956623
4898,0.891309658439476
4899,0.869945286926435
4900,0.911942383550018
4901,0.89865813620979
4902,0.889124798245674
4903,0.914289887007715
4904,0.945851245354796
4905,0.899859997619661
4906,0.91772911318111
4907,0.891127345248146
4908,0.927420301467453
4909,0.894323304626975
4910,0.892545807197662
4911,0.865384249088798
4912,0.887169809210208
4913,0.876509817754818
4914,0.875553930449615
4915,0.854647904259428
4916,0.876501445179818
4917,0.876727533638868
4918,0.886189720233693
4919,0.910679274111931
4920,0.916590686268125
4921,0.881806268199971
4922,0.871068183914102
4923,0.89900648981157
4924,0.914098644124945
4925,0.919751487176515
4926,0.937912060099299
4927,0.928047648120613
4928,0.858375831018959
4929,0.910443069795371
4930,0.796602634171204
4931,0.858156269472094
4932,0.838686072558206
4933,0.857823157310335
4934,0.838086835108131
4935,0.903105260156755
4936,0.883242711979283
4937,0.886512164151085
4938,0.919599336559855
4939,0.890490919929385
4940,0.909676287243686
4941,0.9014901050036
4942,0.926633054787167
4943,0.863747445907283
4944,0.850749575769479
4945,0.910620745499265
4946,0.913223340504024
4947,0.89197336079653
4948,0.880523712990567
4949,0.890330215478118
4950,0.882914381626588
4951,0.908041529265928
4952,0.904690057507974
4953,0.913607128542926
4954,0.888256393337256
4955,0.899472163623328
4956,0.890281239795946
4957,0.888405874407155
4958,0.865024446891829
4959,0.848114805286851
4960,0.904188213250539
4961,0.890075711538583
4962,0.894291022367076
4963,0.89003651721113
4964,0.864976172188764
4965,0.926049575910868
4966,0.903649988589684
4967,0.833448410173006
4968,0.948653093700407
4969,0.894375994322235
4970,0.886506916951646
4971,0.901719086460467
4972,0.897822189990758
4973,0.86568633689243
4974,0.894299155357236
4975,0.858709670436494
4976,0.836864686811684
4977,0.88554372301692
4978,0.911542703568257
4979,0.919873622357011
4980,0.87479176815968
4981,0.910436124625056
4982,0.775204614761593
4983,0.844918678491271
4984,0.845655853166159
4985,0.853983790072105
4986,0.876921037580858
4987,0.849319915207133
4988,0.822852681835339
4989,0.804610370179428
4990,0.847120604489986
4991,0.904161031348208
4992,0.856174031684246
4993,0.869884044209858
4994,0.887819435070541
4995,0.903885620326998
4996,0.892068281790646
4997,0.872108626953354
4998,0.906900038939787
4999,0.901720860905696
5000,0.859687962778272
5001,0.85677105745439
5002,0.832130180472038
5003,0.866046548878249
5004,0.904600515844052
5005,0.913197181549387
5006,0.897420243132135
5007,0.866021734420062
5008,0.878280574447913
5009,0.902726346930892
5010,0.909399954717485
5011,0.891864659744399
5012,0.898173578199593
5013,0.857470311765406
5014,0.929700749066144
5015,0.895399552567667
5016,0.913160625447798
5017,0.948740889049139
5018,0.946275922491889
5019,0.91184120661903
5020,0.933984681281904
5021,0.906519021396696
5022,0.916611777014933
5023,0.921483560206924
5024,0.889771984067496
5025,0.861047468961813
5026,0.831033587181235
5027,0.857256593726655
5028,0.859241437054465
5029,0.888054835301626
5030,0.891998181114304
5031,0.87537248296898
5032,0.896128396142899
5033,0.894257842183339
5034,0.875545480028456
5035,0.901199042695753
5036,0.870118834660051
5037,0.893847193544013
5038,0.898935396504533
5039,0.875536333715386
5040,0.876222319674568
5041,0.879483767626989
5042,0.89604224773554
5043,0.834325913386453
5044,0.843501038322856
5045,0.832952515283876
5046,0.838088480407641
5047,0.907760076258455
5048,0.871166032133385
5049,0.876225793371212
5050,0.854758096521341
5051,0.882319963787653
5052,0.918538172647015
5053,0.913142814832939
5054,0.856384427887446
5055,0.915492878042591
5056,0.897412815110231
5057,0.913416391230448
5058,0.920132215365818
5059,0.893022677163959
5060,0.923804610658652
5061,0.910026041972535
5062,0.867554551315863
5063,0.875400917694845
5064,0.894559874984944
5065,0.884682190143536
5066,0.897969028278641
5067,0.869340250434044
5068,0.891657956198975
5069,0.814341614928526
5070,0.877529610680145
5071,0.819168523892264
5072,0.871779733133615
5073,0.878050430605113
5074,0.869629768080904
5075,0.893688653188364
5076,0.874790613780977
5077,0.909922988528962
5078,0.898121690898137
5079,0.890427391687772
5080,0.844975769080131
5081,0.88427378645708
5082,0.88687274090393
5083,0.85559555884264
5084,0.87909207088614
5085,0.837486605767713
5086,0.864397556413027
5087,0.86222576979277
5088,0.894335168821197
5089,0.86843605611966
5090,0.899463113883323
5091,0.85693120092512
5092,0.876229173732642
5093,0.872772383398946
5094,0.904915520534961
5095,0.847523641527894
5096,0.884498294674772
5097,0.893972662769677
5098,0.920990542042778
5099,0.902682182632604
5100,0.873106018499433
5101,0.906032516153761
5102,0.894071826111885
5103,0.85754928679483
5104,0.843023115265989
5105,0.855949779861104
5106,0.877580586058505
5107,0.865360325675156
5108,0.886264047122952
5109,0.893554058259165
5110,0.88959871003054
5111,0.881495024917568
5112,0.905906547174742
5113,0.897101921722119
5114,0.895507152681749
5115,0.889688668579243
5116,0.901435062401044
5117,0.905077309083164
5118,0.874598197689961
5119,0.891414988572866
5120,0.879254064262315
5121,0.88436563858234
5122,0.902989105135051
5123,0.874938841107638
5124,0.849730468400047
5125,0.885481172413873
5126,0.836782556619306
5127,0.923977433553327
5128,0.855590863477379
5129,0.883457487674734
5130,0.887748683468503
5131,0.887151802980154
5132,0.90753990608071
5133,0.890438841784727
5134,0.907658063125959
5135,0.927903299663214
5136,0.852505218173024
5137,0.884436780914555
5138,0.83445593347307
5139,0.889986690875251
5140,0.866536239357786
5141,0.860968012334519
5142,0.867439017246347
5143,0.897005397331635
5144,0.882657124137562
5145,0.893914245655797
5146,0.917664850844933
5147,0.846745388876228
5148,0.842526452667722
5149,0.838029355273976
5150,0.862058362562961
5151,0.89321206537138
5152,0.891662439785891
5153,0.868715378941282
5154,0.896165939817392
5155,0.888800527110064
5156,0.913813241225493
5157,0.92072330021532
5158,0.917255723994734
5159,0.908767170533817
5160,0.907329820130184
5161,0.921071504674427
5162,0.896144568254441
5163,0.913698791762882
5164,0.911675957923833
5165,0.937926302311056
5166,0.909941252252631
5167,0.861242661415395
5168,0.904897405994118
5169,0.852867624892103
5170,0.866590655062468
5171,0.838718851837127
5172,0.872871306956222
5173,0.869299520996587
5174,0.899808362247592
5175,0.841008427476764
5176,0.86719427186412
5177,0.898670717399054
5178,0.881877697691602
5179,0.862856235488144
5180,0.862929651444889
5181,0.875860890374367
5182,0.828887936879172
5183,0.866194801746662
5184,0.878855002519049
5185,0.881770963877185
5186,0.874476582527802
5187,0.914128805806695
5188,0.870231965360093
5189,0.895994791249627
5190,0.886413735018743
5191,0.88281925048721
5192,0.895105709864204
5193,0.874994507296795
5194,0.881267454874913
5195,0.890806266439946
5196,0.876176418430166
5197,0.891773150093159
5198,0.86152620364831
5199,0.895171098997236
5200,0.859419606230661
5201,0.884302050862259
5202,0.892893885763345
5203,0.871182874494109
5204,0.908978685400228
5205,0.898289132247183
5206,0.880819600711093
5207,0.911514584713884
5208,0.92735730277418
5209,0.881268773754286
5210,0.901558970375295
5211,0.857965559574048
5212,0.895882892531819
5213,0.851351070620227
5214,0.884997348926189
5215,0.89014414129346
5216,0.846386130646238
5217,0.891780988736613
5218,0.857605804208013
5219,0.865615910045739
5220,0.866855914127016
5221,0.862804102303337
5222,0.899180592257699
5223,0.915868142210449
5224,0.870242442253786
5225,0.897216133667236
5226,0.86828879269684
5227,0.902778906171845
5228,0.850873302976306
5229,0.840169383886011
5230,0.900656136317981
5231,0.907990969641067
5232,0.843626621954234
5233,0.860812618387055
5234,0.898740940232045
5235,0.891733264130622
5236,0.881671459302051
5237,0.891261974463237
5238,0.842816002901663
5239,0.848992920288304
5240,0.830628551382655
5241,0.847846815075947
5242,0.895760565516811
5243,0.882229701953483
5244,0.8988203662744
5245,0.925403241772112
5246,0.878207532458659
5247,0.864577699213342
5248,0.908419083607479
5249,0.919501108608239
5250,0.914221331203255
5251,0.905473174182315
5252,0.935152900998278
5253,0.885036209324245
5254,0.875176594173206
5255,0.872350558906287
5256,0.872095487299125
5257,0.902067902799596
5258,0.88404211744749
5259,0.879325774098331
5260,0.870448273874933
5261,0.862892278019784
5262,0.903106856571135
5263,0.918154385386391
5264,0.905094477512784
5265,0.858539798062307
5266,0.848211444718118
5267,0.90173460102126
5268,0.884849421598542
5269,0.855922290829741
5270,0.88271168204882
5271,0.863710415478403
5272,0.922704734997333
5273,0.884097914680009
5274,0.890208870201693
5275,0.9038794515672
5276,0.86635116283451
5277,0.84940936472157
5278,0.89187239155454
5279,0.898275892842563
5280,0.869687523345367
5281,0.892261474629743
5282,0.875829030513875
5283,0.877651416491112
5284,0.872840494804004
5285,0.918743816310595
5286,0.890952630438704
5287,0.891166918713892
5288,0.881365409088444
5289,0.854468635737884
5290,0.862906036644026
5291,0.813268069785415
5292,0.867237482229908
5293,0.877706811893527
5294,0.888558078698522
5295,0.894481557939944
5296,0.873901919524335
5297,0.911938522000793
5298,0.854607255287717
5299,0.885339984377576
5300,0.85941490529483
5301,0.882040667249066
5302,0.88486465407468
5303,0.904993137394286
5304,0.882472289239814
5305,0.869021306700245
5306,0.892136987950983
5307,0.872805513686641
5308,0.85532912531111
5309,0.863585211439639
5310,0.886352760364521
5311,0.874293227967226
5312,0.872308497284921
5313,0.898112956280946
5314,0.891327243665979
5315,0.833896698540113
5316,0.833232046736831
5317,0.840604271639216
5318,0.84176859751396
5319,0.868871981341836
5320,0.856081591257354
5321,0.924234045708896
5322,0.863914273649482
5323,0.856938197471692
5324,0.861014084347918
5325,0.845178382003134
5326,0.862504592235509
5327,0.838017501815293
5328,0.866503977401212
5329,0.869594973246049
5330,0.830238947685723
5331,0.899776889347862
5332,0.900604706710171
5333,0.88219293896148
5334,0.876242460741185
5335,0.878373380018015
5336,0.893352362226183
5337,0.874430958466539
5338,0.87993162698434
5339,0.893228852935807
5340,0.849602151947281
5341,0.932684154094057
5342,0.834378218075076
5343,0.885517586408641
5344,0.882094163250616
5345,0.868749267014498
5346,0.877334165937675
5347,0.903558308559807
5348,0.874545790776714
5349,0.894147496778691
5350,0.892280740080922
5351,0.876252807212683
5352,0.895796125153953
5353,0.909895112284388
5354,0.863192382737796
5355,0.845732446337305
5356,0.881814506679075
5357,0.842311786852799
5358,0.882104011861507
5359,0.875188254001144
5360,0.886259631342035
5361,0.899902582620571
5362,0.880850894833
5363,0.873811727872406
5364,0.862868615917882
5365,0.896659917901882
5366,0.886111654431227
5367,0.866222826783738
5368,0.826388676748517
5369,0.888305699621302
5370,0.862524948391888
5371,0.856843323245779
5372,0.844205258273879
5373,0.87543471486641
5374,0.881621614224993
5375,0.852814159219153
5376,0.905861939857142
5377,0.880065708416585
5378,0.878337228820346
5379,0.898757329626892
5380,0.889786000233276
5381,0.90523840902392
5382,0.885370417487865
5383,0.89237710472537
5384,0.876779030222034
5385,0.915796007673776
5386,0.895087498967574
5387,0.88296039455924
5388,0.904212826397974
5389,0.899830454078079
5390,0.918486049602916
5391,0.886037219628804
5392,0.947857865623018
5393,0.863992571273982
5394,0.89079949125671
5395,0.881484328905358
5396,0.849773205259544
5397,0.810021691094123
5398,0.88366408595212
5399,0.789701896776329
5400,0.846555689204973
5401,0.875275368741654
5402,0.909972593594592
5403,0.847366280294797
5404,0.856149148744233
5405,0.885325406736122
5406,0.911808978116681
5407,0.929193783611588
5408,0.917845043342078
5409,0.820503065302889
5410,0.867414094977841
5411,0.876292621931551
5412,0.875554979823349
5413,0.841210102276805
5414,0.864512401837476
5415,0.896768660943544
5416,0.895156631678684
5417,0.896419358306509
5418,0.898369790921591
5419,0.904831571471658
5420,0.885309263741522
5421,0.871138908948758
5422,0.887268596176009
5423,0.884769225649911
5424,0.866653519867691
5425,0.895624776307935
5426,0.889308087789801
5427,0.910016882875731
5428,0.823204282308823
5429,0.859568246474299
5430,0.849276456228327
5431,0.856248947166986
5432,0.849381937556013
5433,0.852347785663125
5434,0.878351155620607
5435,0.850424605470204
5436,0.904112627696078
5437,0.89834610032982
5438,0.876171229764414
5439,0.893838279747676
5440,0.86179408601146
5441,0.864721570466231
5442,0.881853626989162
5443,0.875448784017378
5444,0.861401521421604
5445,0.892424621471383
5446,0.894574442650938
5447,0.890047061374308
5448,0.881346429253462
5449,0.900244915707713
5450,0.863902482376893
5451,0.857978616661752
5452,0.818724441921296
5453,0.820858609235981
5454,0.83235223140523
5455,0.839131180770511
5456,0.874177466374358
5457,0.830552842722636
5458,0.830597022063552
5459,0.917686714095421
5460,0.936798231886666
5461,0.883794453019288
5462,0.902110314797634
5463,0.900901281634515
5464,0.844305222231
5465,0.897910196256397
5466,0.905778396194666
5467,0.883175413402655
5468,0.882651014155897
5469,0.869085153998642
5470,0.873054394822572
5471,0.913402428811695
5472,0.883699651027318
5473,0.885107690751572
5474,0.925457525699414
5475,0.924411728877461
5476,0.826559581599076
5477,0.826752330630688
5478,0.903555318300026
5479,0.83026996365844
5480,0.910467694686299
5481,0.814859983054764
5482,0.910694100417269
5483,0.816117944337337
5484,0.861874685504385
5485,0.8647981461117
5486,0.838939000159516
5487,0.886508930307618
5488,0.88018821600021
5489,0.900707372889532
5490,0.860560807680501
5491,0.858183924393006
5492,0.861781134947864
5493,0.897639504711813
5494,0.866559253457531
5495,0.868515537642749
5496,0.886838635113413
5497,0.897974401969434
5498,0.85574946720304
5499,0.842441518641553
5500,0.885715888976864
5501,0.902701437309498
5502,0.886109280734921
5503,0.886892985749833
5504,0.880578242311407
5505,0.895657261343767
5506,0.896014178812887
5507,0.892044773774104
5508,0.901254448111386
5509,0.902648105980821
5510,0.904458599601466
5511,0.873914348796765
5512,0.902611611221295
5513,0.889182595018214
5514,0.879046246668784
5515,0.858826287323772
5516,0.901337616231881
5517,0.885555236878559
5518,0.886917888429361
5519,0.919867493825172
5520,0.860699287854753
5521,0.91831403083291
5522,0.853678599341087
5523,0.885415885407722
5524,0.855645695662467
5525,0.86153856227059
5526,0.882157928700124
5527,0.862181722568148
5528,0.906146968636228
5529,0.9021653294007
5530,0.851320660964172
5531,0.865036971038261
5532,0.913028139331718
5533,0.877289386051482
5534,0.926782349885142
5535,0.928717799504195
5536,0.928055701119449
5537,0.929952551354667
5538,0.889792827034601
5539,0.901422501274463
5540,0.880500625149914
5541,0.885295932518247
5542,0.894728754507576
5543,0.905146678772805
5544,0.932895922074282
5545,0.897115507450624
5546,0.934227904368019
5547,0.944372535645224
5548,0.936871072879674
5549,0.899966993132571
5550,0.885380935365672
5551,0.922179692029291
5552,0.912089505639567
5553,0.938166628104444
5554,0.914028815268788
5555,0.882130212287805
5556,0.859486238282966
5557,0.922907808536576
5558,0.89060939210255
5559,0.858727211265778
5560,0.87193886389197
5561,0.855926085002752
5562,0.855153467684475
5563,0.866198847634877
5564,0.910917630378516
5565,0.913312748538112
5566,0.89937604707969
5567,0.890688358479574
5568,0.906550967220068
5569,0.933792766347721
5570,0.900603999217349
5571,0.8969274983336
5572,0.914716756212457
5573,0.903890300086231
5574,0.89503980596108
5575,0.884349164206172
5576,0.899149199454984
5577,0.907653225026021
5578,0.913927710408342
5579,0.859280427898555
5580,0.907472821073806
5581,0.883103602493487
5582,0.885577677643629
5583,0.930382053236369
5584,0.92934881364371
5585,0.923154585788182
5586,0.912527211473973
5587,0.909101165824408
5588,0.904900774564894
5589,0.934359653238927
5590,0.879120083519251
5591,0.933203527639283
5592,0.85066923372193
5593,0.879383416725635
5594,0.901523023052115
5595,0.845999296352026
5596,0.91639909239273
5597,0.857643031460505
5598,0.876651677983968
5599,0.884450051500697
5600,0.866303184094375
5601,0.867972370500329
5602,0.84992771255085
5603,0.817014341546619
5604,0.89737350642585
5605,0.888541299324992
5606,0.90918231925894
5607,0.883542044111809
5608,0.909334543775644
5609,0.923580620013551
5610,0.898329473264759
5611,0.869590684285607
5612,0.884243276371569
5613,0.883104691952813
5614,0.841875869268898
5615,0.843190530413964
5616,0.911369423577476
5617,0.857190722924506
5618,0.888590475921561
5619,0.888167114707412
5620,0.850554329118292
5621,0.892899307894372
5622,0.839518446853594
5623,0.881602379074626
5624,0.865684128881171
5625,0.872293435577865
5626,0.880095709069598
5627,0.876825164410443
5628,0.893105418350965
5629,0.857053414163286
5630,0.86938951238138
5631,0.900721734706124
5632,0.913869262533435
5633,0.846873273847933
5634,0.857766473499234
5635,0.874116806775494
5636,0.88140183843011
5637,0.892418681999245
5638,0.829677009695524
5639,0.840611132933483
5640,0.847354833854383
5641,0.840358014249992
5642,0.892875071762804
5643,0.908511563515354
5644,0.912557059093725
5645,0.884062773510287
5646,0.878521908699989
5647,0.852895878073511
5648,0.873994139510217
5649,0.875852792447873
5650,0.848293452543565
5651,0.854468730310679
5652,0.90139712017232
5653,0.90226868186296
5654,0.909875780175367
5655,0.906025643085824
5656,0.904500878270122
5657,0.913192621262604
5658,0.863466057976178
5659,0.900106108299685
5660,0.906167562468223
5661,0.884185941661364
5662,0.87126872257947
5663,0.896643526433965
5664,0.892017172427506
5665,0.892727220841516
5666,0.884498888141718
5667,0.896366240900103
5668,0.815063976372899
5669,0.922968525770464
5670,0.858899373619601
5671,0.937996913799559
5672,0.9054504677995
5673,0.897694268122565
5674,0.896490844170041
5675,0.859765299091848
5676,0.878344171406725
5677,0.848751691450575
5678,0.808176071493438
5679,0.868798236178846
5680,0.832150508100577
5681,0.890972339600697
5682,0.940079462594159
5683,0.890959133505602
5684,0.878983356919873
5685,0.875135356503932
5686,0.8440899552755
5687,0.855597353924143
5688,0.874889831765172
5689,0.871396769287476
5690,0.851976425372568
5691,0.861206266736022
5692,0.862428330825705
5693,0.893331968224491
5694,0.883532158587793
5695,0.873257122642059
5696,0.838207430882909
5697,0.86440411423013
5698,0.907740170617
5699,0.860543117510657
5700,0.855889570992446
5701,0.891073341299894
5702,0.855610025690542
5703,0.846487684351145
5704,0.926470335784312
5705,0.92022621664333
5706,0.877956807497118
5707,0.884397418215399
5708,0.891516014829168
5709,0.879888193867613
5710,0.902578842819565
5711,0.87974759100259
5712,0.888797081398498
5713,0.879083493167068
5714,0.853234231027158
5715,0.895589646646599
5716,0.82114856751355
5717,0.890361774382244
5718,0.874376553562995
5719,0.881681652875366
5720,0.890585720939148
5721,0.838509626460126
5722,0.898763779608328
5723,0.819149788253268
5724,0.874276105090418
5725,0.875264534569552
5726,0.891115398717498
5727,0.864509782230187
5728,0.907597585212651
5729,0.925117283502236
5730,0.886782621744833
5731,0.893328806783041
5732,0.876637330472583
5733,0.852147425159388
5734,0.869294096137907
5735,0.876688155993752
5736,0.884959299081364
5737,0.884804302945968
5738,0.91903419775236
5739,0.902352963407913
5740,0.89867431678571
5741,0.914454408495162
5742,0.879770938139953
5743,0.888539717087734
5744,0.858188342311296
5745,0.886920890975301
5746,0.894166503226275
5747,0.892461806245507
5748,0.874767563391806
5749,0.888784426786003
5750,0.908400738070852
5751,0.816766447981123
5752,0.923600842493077
5753,0.865633105593277
5754,0.867277472879017
5755,0.872312691549633
5756,0.896426281548129
5757,0.871434829525159
5758,0.855090130692762
5759,0.86744992833138
5760,0.889962508841996
5761,0.879836736107838
5762,0.909590304150175
5763,0.875210116474704
5764,0.894016393173197
5765,0.907835765871142
5766,0.804830263463324
5767,0.893455711319904
5768,0.878062864141912
5769,0.876232885430849
5770,0.893681457047974
5771,0.87310202563933
5772,0.870141620409309
5773,0.87004878964904
5774,0.892171793922489
5775,0.880549193087799
5776,0.897118567511007
5777,0.900457670135873
5778,0.91719847742028
5779,0.921892460321547
5780,0.905851227939955
5781,0.928707636618906
5782,0.880651088459084
5783,0.865682795861703
5784,0.864951937711706
5785,0.888667367313314
5786,0.873241646407645
5787,0.902860582038904
5788,0.862494133278314
5789,0.869754003838721
5790,0.843929134939738
5791,0.911683989221477
5792,0.92250757957545
5793,0.866404999283108
5794,0.92496090701457
5795,0.913970610128107
5796,0.902257721348777
5797,0.890053968897816
5798,0.860977038497475
5799,0.875255925844928
5800,0.848809579951877
5801,0.897463422888939
5802,0.880177102759034
5803,0.850921438795938
5804,0.868514101300231
5805,0.867816393843103
5806,0.869688388021512
5807,0.88138154883269
5808,0.912519970974894
5809,0.922074537998401
5810,0.937000736512357
5811,0.907395436473755
5812,0.884396259826573
5813,0.885119950828908
5814,0.886449567853305
5815,0.886259077233319
5816,0.860880007513174
5817,0.8565330296989
5818,0.865540670351844
5819,0.894747708074201
5820,0.914414684702303
5821,0.902651985901738
5822,0.898539800323545
5823,0.909067361553756
5824,0.889830182682051
5825,0.897871522468709
5826,0.889421500506087
5827,0.900225403000072
5828,0.89262996949146
5829,0.929966028100714
5830,0.857303541793962
5831,0.905567675825538
5832,0.880906678598541
5833,0.904473398960386
5834,0.849139467513693
5835,0.87308557891191
5836,0.908128404339
5837,0.907548131862105
5838,0.881098030748002
5839,0.86622612713756
5840,0.900045900400101
5841,0.918448723648078
5842,0.929619842837769
5843,0.897161492939417
5844,0.925882788837432
5845,0.849073727242782
5846,0.895723002588223
5847,0.83527006963043
5848,0.917898501355345
5849,0.85488650273665
5850,0.917466558386388
5851,0.901056414406594
5852,0.939066902704657
5853,0.887378102522111
5854,0.918389747368782
5855,0.929002833254389
5856,0.896110815944148
5857,0.902096377219158
5858,0.879372651499925
5859,0.851792062594286
5860,0.869841961647218
5861,0.900525353840224
5862,0.853598377448324
5863,0.902477025466316
5864,0.886698792371321
5865,0.880282763032238
5866,0.893391511625585
5867,0.893896287733032
5868,0.869322801015863
5869,0.867492656150678
5870,0.860966435584117
5871,0.889967223296061
5872,0.896936372994675
5873,0.816062753957727
5874,0.843769260613533
5875,0.803188740723359
5876,0.845635891752168
5877,0.859474456077874
5878,0.816667483916094
5879,0.851434429416179
5880,0.85967784754517
5881,0.886114221813885
5882,0.870323512923479
5883,0.858652067882268
5884,0.891941539909643
5885,0.876946869147079
5886,0.864911637909606
5887,0.885489682101003
5888,0.888944626600272
5889,0.889451034261788
5890,0.852337511357836
5891,0.89379264507083
5892,0.903736723910202
5893,0.8922889377687
5894,0.889573123260341
5895,0.859552857405942
5896,0.861819614629233
5897,0.856317604436404
5898,0.872105824038786
5899,0.870548295300769
5900,0.835664492707378
5901,0.875854350901013
5902,0.89311203287644
5903,0.90950623066547
5904,0.90249089249679
5905,0.914589437360218
5906,0.932750573792176
5907,0.897070284436766
5908,0.943177035696362
5909,0.929087155732206
5910,0.879836187838251
5911,0.826325075247143
5912,0.919390108133617
5913,0.890201066961771
5914,0.877309297926036
5915,0.863809386406854
5916,0.901243405504036
5917,0.87871611724959
5918,0.899005531649328
5919,0.86927331060369
5920,0.919095932962604
5921,0.888995197984392
5922,0.897127706652262
5923,0.917454948501852
5924,0.864569036153072
5925,0.92140550389237
5926,0.894571699889963
5927,0.922982550878257
5928,0.913401866436136
5929,0.902794779171077
5930,0.895105783208072
5931,0.899870217878251
5932,0.907940874106871
5933,0.905021965471141
5934,0.909715537588925
5935,0.867554695270613
5936,0.881796458190532
5937,0.866395956317878
5938,0.8581627584857
5939,0.853392683071991
5940,0.916600503623099
5941,0.870121213002078
5942,0.869827000025586
5943,0.844715028289726
5944,0.859723978606576
5945,0.865197987501775
5946,0.873380278420913
5947,0.846714861523331
5948,0.835561853749528
5949,0.825806230038275
5950,0.865488477077526
5951,0.876326697835763
5952,0.876011751661566
5953,0.908907073665357
5954,0.885990588691688
5955,0.88006534701886
5956,0.864873173478455
5957,0.908075599555768
5958,0.877260640132705
5959,0.901415786850713
5960,0.882419923699817
5961,0.901818002345363
5962,0.836505534993686
5963,0.896906656139395
5964,0.87851620460118
5965,0.908398284527499
5966,0.911960722936784
5967,0.831779497156848
5968,0.850351365029153
5969,0.850819771020359
5970,0.851164043542028
5971,0.865099076558306
5972,0.910071880079544
5973,0.89291558597169
5974,0.917980220739898
5975,0.873993925479409
5976,0.889111787087243
5977,0.924771598571038
5978,0.921392397584153
5979,0.877925480022691
5980,0.883196169332465
5981,0.913210718389773
5982,0.889872375277701
5983,0.900622793321242
5984,0.879699889825201
5985,0.880026524758197
5986,0.875126798555731
5987,0.85602859477803
5988,0.857392934387244
5989,0.8909887992198
5990,0.875329295679824
5991,0.900524054166948
5992,0.893168755392873
5993,0.916660534321603
5994,0.870582310561223
5995,0.896456846976088
5996,0.907444668360723
5997,0.867140906120489
5998,0.898086014512846
5999,0.854459519966676
6000,0.875841102113228
6001,0.893744526570498
6002,0.900098088625136
6003,0.856188711458201
6004,0.845716452653227
6005,0.885127073755365
6006,0.905885734809968
6007,0.838508071434044
6008,0.897247164028455
6009,0.864381929360797
6010,0.856147409796346
6011,0.835554733623864
6012,0.87883240505282
6013,0.891773886913728
6014,0.89802004651574
6015,0.903797523999907
6016,0.90211514945771
6017,0.884789759182068
6018,0.859736268708936
6019,0.872840409543954
6020,0.847376853072368
6021,0.853101706686617
6022,0.820224876692605
6023,0.837342395315868
6024,0.837423353860091
6025,0.826919046324365
6026,0.898241358809812
6027,0.912242180087557
6028,0.88779144009764
6029,0.89241348636361
6030,0.877730400698714
6031,0.874028230413548
6032,0.839811766764703
6033,0.887293829674631
6034,0.904999782476974
6035,0.837786907133026
6036,0.837093434099124
6037,0.906060642646239
6038,0.87293097366747
6039,0.925595218071087
6040,0.925790455291801
6041,0.880811043589385
6042,0.891816400340401
6043,0.860001544005236
6044,0.886772768813063
6045,0.83883522810038
6046,0.880738145406055
6047,0.839738507856383
6048,0.915220475740243
6049,0.85571595641946
6050,0.896460274566369
6051,0.845823349560831
6052,0.885160446744977
6053,0.851330854392552
6054,0.855337273400277
6055,0.809681474351462
6056,0.850711626571094
6057,0.876236832875625
6058,0.880145226869022
6059,0.817036387205711
6060,0.817177362207519
6061,0.829098903286493
6062,0.846017325701449
6063,0.901205466188006
6064,0.878531930455247
6065,0.886177480339118
6066,0.890229536639832
6067,0.879080410330068
6068,0.919755517577908
6069,0.858785927491363
6070,0.903606529882222
6071,0.905574692388345
6072,0.907202918971852
6073,0.885837258940562
6074,0.889134627881667
6075,0.854042181488092
6076,0.898360220617437
6077,0.848677468919848
6078,0.873706382225855
6079,0.782051196632502
6080,0.782283588738085
6081,0.910646276221956
6082,0.881260738460601
6083,0.884098354857997
6084,0.865576543311252
6085,0.868552012478643
6086,0.916903311483807
6087,0.906854375025721
6088,0.906289173689869
6089,0.915343384693049
6090,0.884629500759495
6091,0.913044713052952
6092,0.877397219393311
6093,0.887119243120566
6094,0.834528234057658
6095,0.929687986577716
6096,0.90513700917189
6097,0.901944133673363
6098,0.830858630081201
6099,0.91895821505273
6100,0.906002555413713
6101,0.885729895529093
6102,0.908091550985704
6103,0.903482551527755
6104,0.893963542111754
6105,0.919776888725768
6106,0.898326314142443
6107,0.877211898436081
6108,0.928993875423145
6109,0.912080221000286
6110,0.910943528679916
6111,0.894747117922313
6112,0.943256321594946
6113,0.904833310480633
6114,0.882478117079722
6115,0.863351047843117
6116,0.909163186853503
6117,0.935811505754013
6118,0.82154073092984
6119,0.898046642790458
6120,0.849963920144123
6121,0.857434551169597
6122,0.857549766607301
6123,0.868712269413564
6124,0.861883190930351
6125,0.886295428002872
6126,0.908853788579633
6127,0.919446766392317
6128,0.886678932777905
6129,0.885715238611449
6130,0.888088193052982
6131,0.844592556713636
6132,0.88158379075935
6133,0.895883139949293
6134,0.858775539866297
6135,0.858536211334735
6136,0.881943445127027
6137,0.886871325967451
6138,0.891576228938497
6139,0.89481895247371
6140,0.907403901244751
6141,0.891297516639862
6142,0.911398311170547
6143,0.905413781154184
6144,0.889357963386532
6145,0.89256744673287
6146,0.89718033076593
6147,0.908711939564141
6148,0.857670505537189
6149,0.890615949123121
6150,0.905253672833854
6151,0.852130409655758
6152,0.878207142724187
6153,0.877592894335362
6154,0.863472642191095
6155,0.902810276962774
6156,0.899157187367223
6157,0.919669072838929
6158,0.881969778436658
6159,0.887668079838034
6160,0.875032605044829
6161,0.882338950671816
6162,0.838673908843038
6163,0.871263240873675
6164,0.873101806474182
6165,0.853711107114191
6166,0.889324727075464
6167,0.873896467670224
6168,0.879818689652676
6169,0.821718862425964
6170,0.866460077067393
6171,0.875666970652961
6172,0.905034053090894
6173,0.889607469583284
6174,0.880040308033257
6175,0.865864758468555
6176,0.877617305887005
6177,0.902018469539899
6178,0.840077918159765
6179,0.916262303691221
6180,0.920341427584109
6181,0.893567891328218
6182,0.892988046427226
6183,0.89004072381473
6184,0.917925933017926
6185,0.892884903866405
6186,0.902616640793509
6187,0.868836551356497
6188,0.893245056601284
6189,0.896372863486029
6190,0.887635057951373
6191,0.89528557500305
6192,0.869463554611708
6193,0.880679705833055
6194,0.901878800650777
6195,0.848085198117853
6196,0.891935909478075
6197,0.878012283813373
6198,0.910503903129309
6199,0.909563402113753
6200,0.869422143761059
6201,0.87130568714817
6202,0.870441021543509
6203,0.904411547919276
6204,0.882866327488128
6205,0.884037578079327
6206,0.851012804178342
6207,0.872826960802435
6208,0.836984880223413
6209,0.86983073672112
6210,0.900525769805253
6211,0.888755110759698
6212,0.927545844328742
6213,0.872213367265656
6214,0.918000594445001
6215,0.837904937861993
6216,0.952303892879901
6217,0.939278031888963
6218,0.941661346404616
6219,0.893572029656426
6220,0.885034716184671
6221,0.881139076418115
6222,0.864364264698287
6223,0.842782297449292
6224,0.837446743395914
6225,0.874545504515157
6226,0.900878397107513
6227,0.90876762863007
6228,0.910606083676369
6229,0.878232391279422
6230,0.878087755040605
6231,0.866214407238236
6232,0.914627401012833
6233,0.899690291591098
6234,0.890806183941219
6235,0.925032474072139
6236,0.882928867155298
6237,0.895910671172705
6238,0.880818545434853
6239,0.913261139353301
6240,0.857868335967989
6241,0.883325319247292
6242,0.900837178998863
6243,0.845403306381002
6244,0.899568641990186
6245,0.905567582298526
6246,0.864669137648316
6247,0.876732084129352
6248,0.892798873950146
6249,0.863668197194022
6250,0.899389069402238
6251,0.866813116685361
6252,0.875917332515412
6253,0.856205871176134
6254,0.846382239242096
6255,0.870383029288759
6256,0.84841405345453
6257,0.90253889895349
6258,0.885102832174308
6259,0.875833524839562
6260,0.873843695301829
6261,0.907039037056881
6262,0.823702052699306
6263,0.901662058474473
6264,0.831167160017285
6265,0.921607195509069
6266,0.926414001800144
6267,0.873241194461825
6268,0.891501562551059
6269,0.88921473697668
6270,0.907904081031582
6271,0.933548322460351
6272,0.893663888888456
6273,0.892992765080446
6274,0.932160978274573
6275,0.90293976057169
6276,0.897112708405127
6277,0.858864114070167
6278,0.846227112764021
6279,0.80395697328152
6280,0.851472474179664
6281,0.85504909255511
6282,0.914194118279866
6283,0.863395591542266
6284,0.908348723795462
6285,0.87904436426302
6286,0.880154344237058
6287,0.892923911429941
6288,0.871597300010752
6289,0.84788305938361
6290,0.873947235554681
6291,0.852757095964563
6292,0.856592047245777
6293,0.834658035413798
6294,0.844707150930203
6295,0.874773064006228
6296,0.853120905487102
6297,0.912345695449991
6298,0.788350363368531
6299,0.893218634146004
6300,0.885120453249189
6301,0.905114289102815
6302,0.835534541586246
6303,0.893273776191966
6304,0.87603818043088
6305,0.913758554340111
6306,0.919792083590763
6307,0.8992417817785
6308,0.918537965674204
6309,0.836709308255437
6310,0.862011085509114
6311,0.867390169814748
6312,0.837389257419434
6313,0.857016763781961
6314,0.863309446989932
6315,0.878565794772722
6316,0.83453686871143
6317,0.891981346413262
6318,0.910043095825893
6319,0.91259765405038
6320,0.913321621074944
6321,0.877922042411577
6322,0.860240417448134
6323,0.876672663183465
6324,0.861160628465176
6325,0.856891956994657
6326,0.853811985745651
6327,0.847020896853963
6328,0.855091530237023
6329,0.86631093651959
6330,0.906793271450331
6331,0.845545919235055
6332,0.885858907820278
6333,0.913738973866203
6334,0.885279634387203
6335,0.915791406091336
6336,0.879487010024293
6337,0.882017907026484
6338,0.925155304061194
6339,0.890025790271496
6340,0.899046649497918
6341,0.894916657196848
6342,0.89651064704625
6343,0.913938289546913
6344,0.876758245629638
6345,0.833622090070416
6346,0.833769978130707
6347,0.862021448025845
6348,0.856914581035215
6349,0.87752237336546
6350,0.886409119665996
6351,0.84310574373848
6352,0.8071890973426
6353,0.932954741464694
6354,0.912334136590936
6355,0.91707328205593
6356,0.859507299802461
6357,0.834457707265508
6358,0.806347204921909
6359,0.893894926518273
6360,0.890061814260524
6361,0.882426358549737
6362,0.882438346789617
6363,0.851063993957679
6364,0.884440359774426
6365,0.866504624085857
6366,0.928024589163731
6367,0.916686969051962
6368,0.920274051689099
6369,0.920208675876441
6370,0.926035735429306
6371,0.901316006436656
6372,0.883873431438005
6373,0.88642155316103
6374,0.860552267331193
6375,0.852533243531759
6376,0.889778570744427
6377,0.901814835705495
6378,0.908146603871186
6379,0.884159039578939
6380,0.901492471504285
6381,0.891153139273966
6382,0.888577837749543
6383,0.829952206458387
6384,0.903945046012165
6385,0.886310301456941
6386,0.870639638213528
6387,0.853676217490884
6388,0.864484559871168
6389,0.846037135411556
6390,0.890316653257134
6391,0.866171248702769
6392,0.88310519687621
6393,0.847526793984877
6394,0.870205494382323
6395,0.814048188178482
6396,0.850608359854757
6397,0.880794987395089
6398,0.886983802496817
6399,0.886464273341302
6400,0.921232346316419
6401,0.83071734769999
6402,0.866758965313692
6403,0.869600561183617
6404,0.858231713376278
6405,0.835860482977975
6406,0.884573202868859
6407,0.854312091783333
6408,0.919049908631237
6409,0.901185015242218
6410,0.88676990397187
6411,0.869639450145364
6412,0.885219201671339
6413,0.904947020047573
6414,0.890968143245615
6415,0.87380185537055
6416,0.892381910920811
6417,0.878921399265917
6418,0.885431581188822
6419,0.911925324550564
6420,0.885762652122099
6421,0.916196264779016
6422,0.84832615829681
6423,0.889846182602643
6424,0.853685528454197
6425,0.877730107391406
6426,0.815002733033455
6427,0.815834620249045
6428,0.883010205703988
6429,0.86817863337745
6430,0.883015441169081
6431,0.891072320571442
6432,0.86891829584348
6433,0.873803099641945
6434,0.890058912674656
6435,0.923301537927274
6436,0.888658765783743
6437,0.856906266048683
6438,0.850166346556454
6439,0.885764340160665
6440,0.895337891083776
6441,0.885440932750458
6442,0.887048991983406
6443,0.884411653156634
6444,0.882274193810039
6445,0.902297302200054
6446,0.86447856506771
6447,0.886625992440801
6448,0.872645723301327
6449,0.874669081818707
6450,0.889618603135183
6451,0.908332013254403
6452,0.90627169513193
6453,0.85824808830318
6454,0.870256253310572
6455,0.851751989972008
6456,0.901267788240928
6457,0.875577952678631
6458,0.853336276600814
6459,0.883553056009772
6460,0.86924562502991
6461,0.907766360393767
6462,0.900831591640639
6463,0.901219715466128
6464,0.842990836054985
6465,0.911784222199482
6466,0.885399004199521
6467,0.872646353846843
6468,0.829269227591376
6469,0.883601067321829
6470,0.894941879087129
6471,0.8992905910121
6472,0.880924207804077
6473,0.919274963565455
6474,0.911732299130688
6475,0.907150274207218
6476,0.865425814911184
6477,0.934338716086604
6478,0.903478457722613
6479,0.890844647321694
6480,0.867261497718899
6481,0.847703275380214
6482,0.854300947857252
6483,0.853653907823798
6484,0.872820659989855
6485,0.877849663026359
6486,0.869774057870052
6487,0.864161345833794
6488,0.834804264126722
6489,0.855320623226807
6490,0.854976499993466
6491,0.875923322124492
6492,0.890810396139059
6493,0.902026606777342
6494,0.880918225508717
6495,0.85445663975964
6496,0.850893916159142
6497,0.858764668436894
6498,0.817897454502493
6499,0.856210155533958
6500,0.911175333169361
6501,0.887343041598924
6502,0.854442383790696
6503,0.855784521514883
6504,0.899227575140477
6505,0.869933366724337
6506,0.842893297920745
6507,0.934701758281748
6508,0.898352303882159
6509,0.8682530153477
6510,0.812187927812474
6511,0.820985678486319
6512,0.875407865779531
6513,0.901106511424836
6514,0.900433805036073
6515,0.885159457478877
6516,0.899280360221362
6517,0.866537412248088
6518,0.886852715590462
6519,0.904543053541048
6520,0.878678307556318
6521,0.863429459030351
6522,0.865004393827069
6523,0.837109394397143
6524,0.879125589246753
6525,0.917588960054808
6526,0.909494560599128
6527,0.869047669410296
6528,0.867389708468933
6529,0.865816706504973
6530,0.852893222204469
6531,0.891099622847997
6532,0.916027706615927
6533,0.889680108824535
6534,0.879915165605403
6535,0.875189314014126
6536,0.873841637064771
6537,0.891015162199007
6538,0.903268799236269
6539,0.925427312349257
6540,0.918143619686171
6541,0.875932962274656
6542,0.878706143139756
6543,0.89571776832766
6544,0.902739300945453
6545,0.903699280256389
6546,0.921895213147082
6547,0.892702818305524
6548,0.878720613609179
6549,0.850490665628516
6550,0.936013875599129
6551,0.900030372186111
6552,0.92199533442344
6553,0.858273228033118
6554,0.879651944975614
6555,0.896018552003207
6556,0.854094060632404
6557,0.871048271244015
6558,0.895332696160362
6559,0.91091462663149
6560,0.868687133452036
6561,0.895388013034134
6562,0.866030659437371
6563,0.869836162319594
6564,0.954139537410423
6565,0.890126373337324
6566,0.890441407538095
6567,0.934485965090009
6568,0.887616857580393
6569,0.90113704208726
6570,0.843845599532357
6571,0.863988087262617
6572,0.911330099765528
6573,0.844653293318033
6574,0.857494034912825
6575,0.866286478992599
6576,0.889900524095793
6577,0.895197785261004
6578,0.904561442355223
6579,0.854512672770499
6580,0.879259660929723
6581,0.889242991068366
6582,0.92811123426354
6583,0.868711595595757
6584,0.884526036481346
6585,0.903072772523944
6586,0.876907893963415
6587,0.890532390271181
6588,0.878664260939449
6589,0.865401213156791
6590,0.908442963833146
6591,0.907433637740288
6592,0.933308366610598
6593,0.910241654201483
6594,0.909803572420373
6595,0.867097331351901
6596,0.867848411806074
6597,0.872177480361413
6598,0.859027588018066
6599,0.844154238579337
6600,0.848371970782393
6601,0.875515433627093
6602,0.839568174089843
6603,0.864437267940428
6604,0.899688670065655
6605,0.870623710536312
6606,0.922786985667777
6607,0.827516578859038
6608,0.901022219462433
6609,0.918533915034815
6610,0.894997485953638
6611,0.903377014157354
6612,0.889814018719579
6613,0.870976456416828
6614,0.877253929840028
6615,0.830336606010256
6616,0.854658961300741
6617,0.838373360228941
6618,0.849876809431902
6619,0.839392451372101
6620,0.887203168410131
6621,0.866607755866916
6622,0.872711120315049
6623,0.870990003881128
6624,0.891628775707679
6625,0.902897693874929
6626,0.878407508386693
6627,0.872396148955355
6628,0.925199177479695
6629,0.909555928255914
6630,0.826469562202032
6631,0.877963407564667
6632,0.796533898470568
6633,0.897605262413284
6634,0.882034468312796
6635,0.892566274987159
6636,0.896856939101249
6637,0.817095144624058
6638,0.902022384213822
6639,0.859681816818349
6640,0.909690042429156
6641,0.881319995527314
6642,0.90524618056841
6643,0.91819553819111
6644,0.90731227025558
6645,0.909149312852065
6646,0.909269295396309
6647,0.892768747391922
6648,0.83007956986351
6649,0.885197117608792
6650,0.821769228700249
6651,0.879749837454592
6652,0.905270210480987
6653,0.846694850767315
6654,0.869364626478253
6655,0.916460438031679
6656,0.849662862954802
6657,0.913187081148448
6658,0.870959155942085
6659,0.903456329823988
6660,0.855063616949547
6661,0.878698427590443
6662,0.871891748493929
6663,0.84251027126429
6664,0.887177704115259
6665,0.903565730803653
6666,0.912507391360451
6667,0.915769038331807
6668,0.937404218910183
6669,0.896737856739383
6670,0.872680257962327
6671,0.904155315192919
6672,0.841818261357092
6673,0.919216927430298
6674,0.849632426977217
6675,0.859045106461551
6676,0.872372228033416
6677,0.846969078594461
6678,0.859459950950168
6679,0.907504341697376
6680,0.91600739074375
6681,0.918467154196638
6682,0.915466629072709
6683,0.890831779320853
6684,0.848716999389687
6685,0.915677970779032
6686,0.896068291946081
6687,0.867501412507693
6688,0.881617662843492
6689,0.897803828916532
6690,0.879224701522332
6691,0.877812465954759
6692,0.871396452396399
6693,0.849241574258362
6694,0.901374429054595
6695,0.910485028786777
6696,0.854010547899721
6697,0.912657282429753
6698,0.871476893405701
6699,0.853792082419674
6700,0.855476077640471
6701,0.833532087921921
6702,0.839396434399121
6703,0.893641546476449
6704,0.903629887746557
6705,0.915657593196297
6706,0.859683594677685
6707,0.865943936337291
6708,0.845116211684123
6709,0.873147950039133
6710,0.844475114916031
6711,0.905255794907189
6712,0.886638723292977
6713,0.921373210382663
6714,0.872832241853266
6715,0.902818632427731
6716,0.918126774035448
6717,0.854571956901633
6718,0.879115371523513
6719,0.898560359053093
6720,0.872007837590639
6721,0.914244366999995
6722,0.914614410514834
6723,0.881130083488926
6724,0.914657677746638
6725,0.939696267836429
6726,0.909955173965023
6727,0.924646026384021
6728,0.868631938013866
6729,0.874534908336599
6730,0.923711859819696
6731,0.904313487599756
6732,0.886624751036398
6733,0.852089524843569
6734,0.852853448861715
6735,0.881816616401977
6736,0.887595027445473
6737,0.801817208833055
6738,0.935372914614497
6739,0.874831838118969
6740,0.86694820082066
6741,0.874364837008625
6742,0.913863008803931
6743,0.860197847130731
6744,0.881700786773049
6745,0.89746055164314
6746,0.900676255308228
6747,0.886101818041872
6748,0.932425515504117
6749,0.888675092553184
6750,0.883175788642413
6751,0.886938639628966
6752,0.896495536921261
6753,0.822418652974484
6754,0.868971131918152
6755,0.831823811981905
6756,0.870875150130648
6757,0.921866258740469
6758,0.923922103225472
6759,0.880982590423511
6760,0.91237321406876
6761,0.905756069616396
6762,0.90999879577541
6763,0.873602027383774
6764,0.93502931385247
6765,0.934697528928229
6766,0.908213455711714
6767,0.866529905137448
6768,0.887855058424496
6769,0.879137344732316
6770,0.876275840180184
6771,0.910418123893177
6772,0.897227116165766
6773,0.828653300808066
6774,0.899262484361822
6775,0.849847962878106
6776,0.902506769452424
6777,0.87372085658199
6778,0.846490854656461
6779,0.894110688170282
6780,0.870865629210157
6781,0.872954687929492
6782,0.910232376870076
6783,0.851367807666179
6784,0.917656780132725
6785,0.883144711886518
6786,0.908960088277927
6787,0.900311781250273
6788,0.891715539438644
6789,0.909515583832466
6790,0.925372666998386
6791,0.913312368924261
6792,0.864823522771228
6793,0.892833701377654
6794,0.888330401486433
6795,0.900730410325447
6796,0.870267479858659
6797,0.876987067205652
6798,0.885244824171673
6799,0.853829585355664
6800,0.878767990622903
6801,0.856245255762798
6802,0.883702497010245
6803,0.845903003017593
6804,0.882382346260304
6805,0.884243901143734
6806,0.917399893168547
6807,0.907832918350488
6808,0.917569430748193
6809,0.845248003623119
6810,0.879356345631973
6811,0.884773533556413
6812,0.844122753401659
6813,0.837993188106698
6814,0.886140735114603
6815,0.89705807518382
6816,0.860323034696299
6817,0.896256016530683
6818,0.872472969602292
6819,0.865844072774191
6820,0.898886586241382
6821,0.819028576304949
6822,0.909667085527163
6823,0.936503247266517
6824,0.820980327569074
6825,0.895140332325154
6826,0.889201350859621
6827,0.867981444094998
6828,0.860310332272981
6829,0.921794907041332
6830,0.927007865650007
6831,0.906731779526107
6832,0.946647333014605
6833,0.879828191354728
6834,0.904076889993096
6835,0.88706015662524
6836,0.901621139017988
6837,0.894834097707678
6838,0.853569059559294
6839,0.860463750197854
6840,0.878213896495163
6841,0.865412841472867
6842,0.880721781521777
6843,0.854329012771454
6844,0.893099101823669
6845,0.896154091318956
6846,0.887009689218315
6847,0.899415369015058
6848,0.868411853813065
6849,0.876760173257986
6850,0.853315243184662
6851,0.913256467043575
6852,0.895834825145787
6853,0.876026598642114
6854,0.909556449916817
6855,0.891759693865266
6856,0.865110966701751
6857,0.870797782449094
6858,0.858276770968266
6859,0.860943910814161
6860,0.898993363649825
6861,0.854439955498215
6862,0.89233049185972
6863,0.875381391746594
6864,0.874835151915883
6865,0.914570462331055
6866,0.879688771855539
6867,0.932260894703347
6868,0.908809302731825
6869,0.892552507078193
6870,0.868867370641114
6871,0.911344265416431
6872,0.903800301129237
6873,0.891596960346224
6874,0.832200707506101
6875,0.899309350163089
6876,0.910727582116408
6877,0.885248182275331
6878,0.876128458858663
6879,0.883068335367532
6880,0.850350312944405
6881,0.897446344661388
6882,0.903573613184927
6883,0.871855718604914
6884,0.885380203252242
6885,0.889540173478373
6886,0.906447177647042
6887,0.864478135252257
6888,0.956250251333324
6889,0.882469032029694
6890,0.797288056471757
6891,0.875457566475914
6892,0.884561031151399
6893,0.897934992214491
6894,0.899539540390437
6895,0.869970702589045
6896,0.886004412694739
6897,0.8629121610071
6898,0.932162287173864
6899,0.849453720228261
6900,0.926092162130014
6901,0.874309018790064
6902,0.903436409970989
6903,0.898096584739077
6904,0.861231557573035
6905,0.910205679436224
6906,0.853675472187845
6907,0.901603477982515
6908,0.86102135606278
6909,0.882776647610872
6910,0.867254410537489
6911,0.830857139968769
6912,0.88467106048265
6913,0.886545221682596
6914,0.86507518251177
6915,0.864070843657605
6916,0.852602522726525
6917,0.909703609546104
6918,0.799481965775101
6919,0.930306376555114
6920,0.901386250540611
6921,0.909172411048067
6922,0.891431658825716
6923,0.870242426343222
6924,0.863488511422909
6925,0.87520950232909
6926,0.877062283360375
6927,0.864958750055043
6928,0.877717406189945
6929,0.900631144351086
6930,0.897058198196422
6931,0.845602701182043
6932,0.887770407838673
6933,0.901906109378421
6934,0.882267878868747
6935,0.934366531448899
6936,0.896985492013149
6937,0.881459226486188
6938,0.900613079259342
6939,0.873042009253184
6940,0.91105346164675
6941,0.802091117492059
6942,0.880652226102893
6943,0.92677003998709
6944,0.888372433912353
6945,0.919596479347825
6946,0.821843736805839
6947,0.827362270664753
6948,0.876671788565187
6949,0.884547113756495
6950,0.863508621287802
6951,0.90467196357531
6952,0.837072156383027
6953,0.914764026720872
6954,0.87181117488529
6955,0.890210210191086
6956,0.92148506489112
6957,0.885246689186067
6958,0.91743228436379
6959,0.866994874169176
6960,0.885588469524798
6961,0.898759064371722
6962,0.908116231599307
6963,0.788415054566346
6964,0.928748582150107
6965,0.889137800490375
6966,0.872164235966585
6967,0.885544232744083
6968,0.908584265536012
6969,0.7873168322757
6970,0.85145031210997
6971,0.915038479238066
6972,0.919679176420912
6973,0.913651038598798
6974,0.889691578494839
6975,0.867317836541652
6976,0.885871729369663
6977,0.893000896335626
6978,0.858262828430294
6979,0.874055966511753
6980,0.873904159749785
6981,0.87467576430316
6982,0.888200312961974
6983,0.898647847477023
6984,0.901964011525138
6985,0.889423115950538
6986,0.88790442883145
6987,0.85359459983555
6988,0.824330921139676
6989,0.895921733700531
6990,0.923059659644669
6991,0.878106009812436
6992,0.883863334004077
6993,0.852537187812029
6994,0.881187658808856
6995,0.879051881086258
6996,0.858516607053942
6997,0.863750631891705
6998,0.878850249736377
6999,0.891472920548802
7000,0.878333477069466
7001,0.926261559221741
7002,0.892604236695366
7003,0.909684265882664
7004,0.852043686138412
7005,0.868744263954684
7006,0.922455265296282
7007,0.895527316745865
7008,0.854519717213584
7009,0.863937381768921
7010,0.876679117734195
7011,0.894498625084354
7012,0.900675281056035
7013,0.879953931713961
7014,0.885627098121641
7015,0.914507332298193
7016,0.88841697263448
7017,0.893291857945642
7018,0.895124519731003
7019,0.900446505416151
7020,0.915899206270097
7021,0.93257081288031
7022,0.857803393338136
7023,0.879586061220694
7024,0.83125142014927
7025,0.920285395372769
7026,0.922877931143841
7027,0.89266209318722
7028,0.866403819309296
7029,0.917074487643372
7030,0.855132655076211
7031,0.861896940300782
7032,0.8784302382364
7033,0.829857325631801
7034,0.880263000383298
7035,0.84517683088782
7036,0.886943925982261
7037,0.854837607509136
7038,0.898609209708608
7039,0.8826370741898
7040,0.903396676082655
7041,0.870454155894524
7042,0.878277922979343
7043,0.882856170996937
7044,0.90143376274929
7045,0.920314251705051
7046,0.849288685422527
7047,0.853574653396881
7048,0.856932850153142
7049,0.854852795730184
7050,0.856953231906024
7051,0.896624420915911
7052,0.90911833857121
7053,0.880455822679875
7054,0.906936495714426
7055,0.895397381605227
7056,0.866717766630875
7057,0.896156273747344
7058,0.934216727487836
7059,0.892766240126512
7060,0.890818655681891
7061,0.877480024108231
7062,0.907328627846717
7063,0.920552904723533
7064,0.858761641939132
7065,0.895171429890445
7066,0.906473562382238
7067,0.898303308766758
7068,0.905178109881436
7069,0.883521837283473
7070,0.905956028157207
7071,0.89843678487972
7072,0.868560000995283
7073,0.892035388306972
7074,0.883719283193087
7075,0.876518652839822
7076,0.891222643159755
7077,0.880572745789471
7078,0.870574661683196
7079,0.89345776175515
7080,0.897795710251044
7081,0.90873000820952
7082,0.905309978239036
7083,0.874282755207931
7084,0.847425241653333
7085,0.89390616097511
7086,0.881631985998646
7087,0.813319051288487
7088,0.837034388650441
7089,0.87330210567192
7090,0.904666092171344
7091,0.839261052109132
7092,0.856020120123468
7093,0.853711784721564
7094,0.931455315057474
7095,0.850286124521064
7096,0.892076411789715
7097,0.859358535848813
7098,0.863217726434593
7099,0.878495135681205
7100,0.874401310980264
7101,0.876839586672789
7102,0.887483994337282
7103,0.883807984590594
7104,0.848528966933066
7105,0.892708676589831
7106,0.894407323328645
7107,0.885511311434338
7108,0.885767492832764
7109,0.865229536647382
7110,0.899887622896447
7111,0.912372632389581
7112,0.878143659890979
7113,0.859022883244251
7114,0.874716827549793
7115,0.898012759739886
7116,0.857745966921673
7117,0.864769501377318
7118,0.843575862181273
7119,0.880147015439549
7120,0.862457052434503
7121,0.88406265322644
7122,0.882410205584389
7123,0.832887940135805
7124,0.910671336105572
7125,0.87522463645548
7126,0.907574430247773
7127,0.864733627218504
7128,0.897857232976532
7129,0.874802362013356
7130,0.933484111068864
7131,0.92811680726257
7132,0.895836315025132
7133,0.92185505878746
7134,0.910582719701565
7135,0.929208333445288
7136,0.898126073545733
7137,0.846949696094442
7138,0.878144574349315
7139,0.860853268688862
7140,0.847378791772671
7141,0.873691815872682
7142,0.828524157410762
7143,0.89279179127551
7144,0.879113961376401
7145,0.871405850412759
7146,0.855740571301436
7147,0.867870487749231
7148,0.880902577023768
7149,0.86753477954433
7150,0.848893130723988
7151,0.886108798867748
7152,0.811623008052742
7153,0.797330854867159
7154,0.858727706678727
7155,0.906175911473681
7156,0.857105823235199
7157,0.845934325251576
7158,0.851272271672548
7159,0.887721951385063
7160,0.833541797779849
7161,0.864354781286263
7162,0.902161903095242
7163,0.893595134228393
7164,0.884336715302238
7165,0.879272447239697
7166,0.911169484402402
7167,0.900449647579745
7168,0.887250711650107
7169,0.881911280111534
7170,0.905066666063333
7171,0.903168331178712
7172,0.895245664370532
7173,0.895968020142087
7174,0.901436329326969
7175,0.841464232322022
7176,0.852805470520365
7177,0.842048031014703
7178,0.829471261088385
7179,0.854377778214887
7180,0.895367366381074
7181,0.871855656911418
7182,0.875923371860299
7183,0.951660873267361
7184,0.917183784214512
7185,0.913485750050396
7186,0.876367692576308
7187,0.909937858406606
7188,0.904168200574244
7189,0.871447865709772
7190,0.91486436639268
7191,0.910430432899776
7192,0.823611515112073
7193,0.823074704274913
7194,0.802526550250262
7195,0.883637035367363
7196,0.870356573428164
7197,0.862943323612952
7198,0.875220739651262
7199,0.874414527515996
7200,0.92994475699281
7201,0.889147526182877
7202,0.907026153026019
7203,0.901154391208167
7204,0.89998961360615
7205,0.878121021667222
7206,0.885540354256521
7207,0.901879343203666
7208,0.889621246475065
7209,0.863044600822492
7210,0.868389908542667
7211,0.881031414147628
7212,0.907747355825094
7213,0.844300646777918
7214,0.876954582218161
7215,0.883325710525646
7216,0.83163831132902
7217,0.843038681606755
7218,0.841610503340228
7219,0.874606389054631
7220,0.885602616535174
7221,0.870499883360915
7222,0.877227195898428
7223,0.847033927292571
7224,0.848960796537689
7225,0.880894341501863
7226,0.843604625831492
7227,0.807311164782961
7228,0.894286479736173
7229,0.875394056506613
7230,0.88775258587254
7231,0.859753419282712
7232,0.870726514831154
7233,0.872183258792655
7234,0.917173672605463
7235,0.836286880300423
7236,0.900716554844253
7237,0.836835350478237
7238,0.86439243525331
7239,0.861943742095506
7240,0.864055753910666
7241,0.894552090123908
7242,0.887111121273996
7243,0.887024709051941
7244,0.897069195616204
7245,0.904867844130846
7246,0.890075731307377
7247,0.909706411815597
7248,0.883006197725934
7249,0.882012653775059
7250,0.85848443115327
7251,0.858153235523861
7252,0.876892567883799
7253,0.858008512873325
7254,0.880182760435563
7255,0.831589642449285
7256,0.87161558039973
7257,0.889120100874473
7258,0.870489100598526
7259,0.918109371201795
7260,0.831937338896271
7261,0.907668361615233
7262,0.908460853924824
7263,0.866732905936054
7264,0.881578396278684
7265,0.891897467555333
7266,0.907692211225309
7267,0.931417945972726
7268,0.882234540046533
7269,0.896271846859758
7270,0.866337413670095
7271,0.853383322379333
7272,0.866680551717228
7273,0.918374552998811
7274,0.844799827655979
7275,0.888332831407629
7276,0.842631251933808
7277,0.89705856456348
7278,0.871966047712063
7279,0.905452570562715
7280,0.894293033063396
7281,0.901401484774618
7282,0.906055435068724
7283,0.897151733589441
7284,0.871272201606037
7285,0.877899084723118
7286,0.894091586947832
7287,0.88432200766314
7288,0.884002162091008
7289,0.886218246642844
7290,0.86656539427255
7291,0.865391413622719
7292,0.880430470580527
7293,0.898934936275571
7294,0.900717269186255
7295,0.913925692448507
7296,0.900840226651761
7297,0.906743366444459
7298,0.838468382627019
7299,0.927680587451419
7300,0.893129191709655
7301,0.919103025506603
7302,0.894713430252516
7303,0.914895785124659
7304,0.862415933201505
7305,0.899412682121559
7306,0.913456396770269
7307,0.928881826580451
7308,0.843182865255457
7309,0.874955231063406
7310,0.876396340740837
7311,0.880474299097399
7312,0.886189337634444
7313,0.890959219566492
7314,0.911287117798048
7315,0.891705990600475
7316,0.937533084637029
7317,0.885190839697345
7318,0.946676700754972
7319,0.886844830795363
7320,0.903870307757757
7321,0.913229074262057
7322,0.900586936203556
7323,0.85734260009839
7324,0.918628885972465
7325,0.890365977605483
7326,0.857279555467956
7327,0.903557062778971
7328,0.841271490873276
7329,0.86622078566692
7330,0.884718751805963
7331,0.853163731752614
7332,0.915380065124809
7333,0.905310040585266
7334,0.929820406902545
7335,0.887325786407607
7336,0.873444299948086
7337,0.906708276408361
7338,0.891349479730319
7339,0.897308204969326
7340,0.926358868320067
7341,0.882379115704006
7342,0.845387627683737
7343,0.88389280253231
7344,0.850293929642765
7345,0.859635826046384
7346,0.90478637828968
7347,0.863936385572675
7348,0.860927913811004
7349,0.886947299610006
7350,0.842905694316817
7351,0.861922992220918
7352,0.865327963094785
7353,0.845802967604142
7354,0.909589181964989
7355,0.901339981698549
7356,0.897529581076647
7357,0.873228062109788
7358,0.883956193362748
7359,0.874498864116819
7360,0.909250328057195
7361,0.871382077200886
7362,0.858721795447553
7363,0.878039978199001
7364,0.894711781872121
7365,0.908879983677598
7366,0.903573128999045
7367,0.909465587095629
7368,0.911203331662023
7369,0.915959181738855
7370,0.86973395300444
7371,0.868823623061069
7372,0.918956021158873
7373,0.864639949191698
7374,0.928925650539736
7375,0.891105895913882
7376,0.910236109663387
7377,0.925579050807813
7378,0.947789064475822
7379,0.889850777035846
7380,0.877466038409662
7381,0.900969787341374
7382,0.86778672468479
7383,0.906411488316398
7384,0.859115921971946
7385,0.899152132273329
7386,0.888553835580732
7387,0.915270883694814
7388,0.869449236929113
7389,0.873684848644428
7390,0.884328737069236
7391,0.884811429938254
7392,0.919194795855861
7393,0.885758779229946
7394,0.922781013904199
7395,0.859116682686147
7396,0.864037830046582
7397,0.92075200502222
7398,0.924135735654895
7399,0.886905346283208
7400,0.887211419797868
7401,0.885148998142738
7402,0.887978792899537
7403,0.913859053396813
7404,0.823879297905623
7405,0.809186863436661
7406,0.860870272638486
7407,0.89746893043132
7408,0.88997040345867
7409,0.901388626890353
7410,0.859714186516312
7411,0.858436766985509
7412,0.904776442325166
7413,0.899356918580577
7414,0.875512107966317
7415,0.870563904944765
7416,0.892139433579173
7417,0.863014410401042
7418,0.847019017378202
7419,0.914990648121713
7420,0.893448148926991
7421,0.896183727834006
7422,0.870328506731358
7423,0.890531437197619
7424,0.891692886429576
7425,0.927078071329481
7426,0.879296194511612
7427,0.875714773811605
7428,0.894733397100595
7429,0.853510516963562
7430,0.894887746358727
7431,0.896983496724841
7432,0.910829667259594
7433,0.878377054957213
7434,0.855346436112049
7435,0.859089053837762
7436,0.895229868610251
7437,0.799421838856476
7438,0.848508450305481
7439,0.869079349807499
7440,0.917765769226939
7441,0.910285811091855
7442,0.842060372278042
7443,0.862122710593237
7444,0.87344117252456
7445,0.841650608616479
7446,0.860084656819802
7447,0.890954644959369
7448,0.830087171805542
7449,0.851081732831287
7450,0.896461732898811
7451,0.886130381107279
7452,0.90037973445017
7453,0.815415093848166
7454,0.85473299413965
7455,0.858853353281248
7456,0.884508097449883
7457,0.879956141753675
7458,0.921920396160667
7459,0.8849319126369
7460,0.903806077437173
7461,0.910935869471892
7462,0.887140642444417
7463,0.890733948558284
7464,0.875975845753572
7465,0.923126598844107
7466,0.906500258058515
7467,0.929990796896879
7468,0.920071560831856
7469,0.88617003847415
7470,0.904126460494427
7471,0.871226173208198
7472,0.910542124701824
7473,0.890777644091049
7474,0.892863763411017
7475,0.865443430515739
7476,0.848498647541942
7477,0.86252511871145
7478,0.871236349950317
7479,0.88615014340085
7480,0.906566449665756
7481,0.894548554848402
7482,0.886075347526652
7483,0.868006286128968
7484,0.849630828685414
7485,0.864848575716274
7486,0.840873905602858
7487,0.90654894772525
7488,0.906802021366242
7489,0.935905523863693
7490,0.858520678006684
7491,0.892741384982109
7492,0.797070826919005
7493,0.83462036438584
7494,0.851850582723241
7495,0.862323526201392
7496,0.881098285939353
7497,0.889878313408525
7498,0.897957445002655
7499,0.905389333150926
7500,0.87114022351502
7501,0.852242713994096
7502,0.885889194856031
7503,0.882519122397133
7504,0.884079860709324
7505,0.896968354960518
7506,0.842870997293519
7507,0.917862624433068
7508,0.903782180852924
7509,0.900169914772331
7510,0.89336025246768
7511,0.86522749337917
7512,0.856629687740089
7513,0.867674863825144
7514,0.857402354572764
7515,0.835531873573865
7516,0.820042112247229
7517,0.816226388453464
7518,0.891153068989711
7519,0.80805201486036
7520,0.87934573361748
7521,0.831723014433908
7522,0.845375075166014
7523,0.813543937112676
7524,0.811219336042503
7525,0.903454304054135
7526,0.889505199545175
7527,0.88602412215369
7528,0.884529005457477
7529,0.838522839085715
7530,0.821696582799945
7531,0.837827261361089
7532,0.829879055605558
7533,0.859723878140307
7534,0.857031212415296
7535,0.844769272857839
7536,0.90614159001927
7537,0.901787429933053
7538,0.921730932840255
7539,0.879280301700536
7540,0.910970061183582
7541,0.890437545618317
7542,0.852460246701935
7543,0.843162218621892
7544,0.891973949552166
7545,0.81821988865484
7546,0.912913688066092
7547,0.864521673162753
7548,0.886188303511162
7549,0.854271434275772
7550,0.840312065180086
7551,0.863826417858477
7552,0.849553136641646
7553,0.853714020797506
7554,0.904122593625282
7555,0.872000281244426
7556,0.880226622558822
7557,0.872570413488617
7558,0.898365907506421
7559,0.882241411548225
7560,0.828586040003806
7561,0.884957350417721
7562,0.899127898155498
7563,0.887621114705512
7564,0.87820626686954
7565,0.850702784203805
7566,0.896406328780176
7567,0.823621104432591
7568,0.85901838054528
7569,0.850916243053806
7570,0.859724368474348
7571,0.884924109788377
7572,0.861663220134452
7573,0.868736174720048
7574,0.866867461102592
7575,0.872345341055654
7576,0.888945144752547
7577,0.881129150679586
7578,0.910512259020826
7579,0.865244117479555
7580,0.878799056728995
7581,0.923041934110199
7582,0.89515232175817
7583,0.889430990305566
7584,0.877053489172672
7585,0.916610388115794
7586,0.900708365910382
7587,0.893928876757236
7588,0.851044915251082
7589,0.894876515350186
7590,0.891688645565613
7591,0.861427048756571
7592,0.865876344370983
7593,0.876801688952547
7594,0.860089275307388
7595,0.889015422942039
7596,0.894719056520516
7597,0.882622886558461
7598,0.914771403477487
7599,0.865384941211858
7600,0.878755841513365
7601,0.845513818708221
7602,0.891212311338672
7603,0.8688249532405
7604,0.901320042794344
7605,0.847637146786796
7606,0.867030465688187
7607,0.903274111057897
7608,0.873483413845308
7609,0.893031506780659
7610,0.896501084362835
7611,0.905489523687675
7612,0.879103101654541
7613,0.891267184640177
7614,0.906613597243956
7615,0.897589238098672
7616,0.908198303844103
7617,0.897062423672654
7618,0.884541793747564
7619,0.926843215505737
7620,0.908737867515363
7621,0.853192215334252
7622,0.871364389493798
7623,0.912414579942199
7624,0.93688152548185
7625,0.867944583489375
7626,0.89802319979302
7627,0.91017435205211
7628,0.882779577461912
7629,0.90416755264754
7630,0.866234947465526
7631,0.849434653945979
7632,0.873588378958593
7633,0.873720007608983
7634,0.878871625928176
7635,0.934716484555396
7636,0.915840197976311
7637,0.917449424452609
7638,0.887970879611069
7639,0.867231147559727
7640,0.859081763241121
7641,0.934158182359316
7642,0.866394444024642
7643,0.91658747589169
7644,0.875138374901752
7645,0.847096879536666
7646,0.884943903231206
7647,0.866313678233142
7648,0.835071960848239
7649,0.889978396193155
7650,0.878889938995516
7651,0.89502724989019
7652,0.898269171024773
7653,0.906964804523166
7654,0.875162169388413
7655,0.844378228417769
7656,0.866409406854118
7657,0.857784634660739
7658,0.918290615244724
7659,0.860335788450755
7660,0.865282233066204
7661,0.902402545747705
7662,0.915133954888884
7663,0.870243013687313
7664,0.867563713806658
7665,0.878652932829869
7666,0.927801721070923
7667,0.898031697240694
7668,0.920206237344647
7669,0.923287072676694
7670,0.912933360265181
7671,0.906312974261324
7672,0.919188440660441
7673,0.917291734780548
7674,0.916543957977591
7675,0.924105238820453
7676,0.853603550235413
7677,0.830202185395777
7678,0.88405286163223
7679,0.871866054389892
7680,0.848584056421649
7681,0.880065552506254
7682,0.860960967879992
7683,0.89155854154215
7684,0.87913722257502
7685,0.889257916493059
7686,0.887640375307393
7687,0.917593576285747
7688,0.866893686907499
7689,0.837799921619721
7690,0.838159884051653
7691,0.83792539593821
7692,0.8562723177645
7693,0.913722570856882
7694,0.911130952061902
7695,0.910387039418994
7696,0.90859495173149
7697,0.911663497190743
7698,0.903907308073585
7699,0.878747509104288
7700,0.888227237449831
7701,0.881884147339248
7702,0.898802548410702
7703,0.892438045262311
7704,0.860314739738656
7705,0.905478189243406
7706,0.864262343501833
7707,0.889990131120536
7708,0.88574678877378
7709,0.870050319228613
7710,0.865814287433481
7711,0.914800561674536
7712,0.875546268993795
7713,0.895004888053472
7714,0.888381002270249
7715,0.914469582182704
7716,0.92007749217196
7717,0.851144793917521
7718,0.858116807216213
7719,0.826438992702128
7720,0.864953374195821
7721,0.917579698417912
7722,0.918358744663525
7723,0.919273142299274
7724,0.910887106306754
7725,0.939181001047955
7726,0.835751623031301
7727,0.910760444262352
7728,0.914307857004047
7729,0.919266436887809
7730,0.894807291264612
7731,0.863410020695025
7732,0.887051545165194
7733,0.890155862925538
7734,0.913870546015778
7735,0.910282417637196
7736,0.896643856885649
7737,0.861024169556236
7738,0.910437701409081
7739,0.930862689792522
7740,0.847058389152845
7741,0.816550965114953
7742,0.901937286372145
7743,0.861095281218033
7744,0.954631496876477
7745,0.913789180483525
7746,0.924901990557087
7747,0.87205480859102
7748,0.883445655483749
7749,0.875600972154777
7750,0.801306973904807
7751,0.888760253941995
7752,0.911057703722144
7753,0.85199265454495
7754,0.8878841597706
7755,0.847015432866228
7756,0.898577731045106
7757,0.876470080573992
7758,0.901550806235472
7759,0.876952168699102
7760,0.897124091820824
7761,0.90203573890741
7762,0.907409440129126
7763,0.875436023530465
7764,0.905873393401108
7765,0.906889815170366
7766,0.88701625015708
7767,0.907069738783363
7768,0.923995500092187
7769,0.914722077732557
7770,0.844507022915353
7771,0.852149969842568
7772,0.831214361536808
7773,0.859257983847027
7774,0.888840788445109
7775,0.857742911907372
7776,0.865401476466725
7777,0.883954224582844
7778,0.858864793663464
7779,0.870247139505842
7780,0.911816183797322
7781,0.918428689205529
7782,0.887740373029856
7783,0.891461100097476
7784,0.897309463978582
7785,0.853215033171773
7786,0.873860619439593
7787,0.900524933517805
7788,0.856915583312244
7789,0.864640088111384
7790,0.882829676416247
7791,0.931384927969696
7792,0.907302929737491
7793,0.915286669595241
7794,0.911644318292505
7795,0.842286799021019
7796,0.892950291889056
7797,0.893388750931366
7798,0.840115726819512
7799,0.870161416544891
7800,0.865220094065218
7801,0.830234128722367
7802,0.86224176955309
7803,0.855456728744978
7804,0.904297607174676
7805,0.89477450571813
7806,0.891712786478842
7807,0.887236588935894
7808,0.878638913888083
7809,0.86865252004459
7810,0.881828748386116
7811,0.839674548229626
7812,0.849038287276593
7813,0.833028303187341
7814,0.870842139270716
7815,0.895794816366818
7816,0.880891840659645
7817,0.889862604966149
7818,0.888198504224508
7819,0.909921848764952
7820,0.799376776393629
7821,0.806735690632699
7822,0.868618995576605
7823,0.855413932768542
7824,0.909844859098921
7825,0.902790732871665
7826,0.881234970833849
7827,0.902968124518841
7828,0.925323754389569
7829,0.885852915842218
7830,0.908272681803281
7831,0.904022680566827
7832,0.914349222721123
7833,0.903560810029321
7834,0.904772675211904
7835,0.863351215169242
7836,0.875960972922523
7837,0.845090367613029
7838,0.842091963622294
7839,0.897985737571695
7840,0.888468080594102
7841,0.858133795577741
7842,0.899862140573573
7843,0.860943577178116
7844,0.859345550188022
7845,0.884298908022471
7846,0.88433385900688
7847,0.880540941305333
7848,0.937427927757149
7849,0.853491965269641
7850,0.888176526793191
7851,0.892708004112908
7852,0.917132474512915
7853,0.854778133060095
7854,0.841991011948925
7855,0.864728369742418
7856,0.816108059375997
7857,0.91467800594533
7858,0.85387948578094
7859,0.831941827091678
7860,0.885871929192864
7861,0.895279073967889
7862,0.887500635861841
7863,0.882480095398984
7864,0.914887186195204
7865,0.924859069253406
7866,0.915928111133512
7867,0.916040289942417
7868,0.89357019604863
7869,0.890295359465699
7870,0.892911123299666
7871,0.900592941040178
7872,0.891643278416007
7873,0.877253464634447
7874,0.926680942083531
7875,0.886340735370982
7876,0.865979201269286
7877,0.883965479266707
7878,0.846168865473473
7879,0.868824816482726
7880,0.867570755223193
7881,0.901424591168701
7882,0.883990984257594
7883,0.852644559741323
7884,0.879300323196027
7885,0.863829575750266
7886,0.824682188629124
7887,0.847480533705879
7888,0.858637387793663
7889,0.878144433713774
7890,0.861957776665632
7891,0.837003584454919
7892,0.894450103176471
7893,0.9035078131826
7894,0.903154117857673
7895,0.866214481835631
7896,0.868785525468909
7897,0.872599907176002
7898,0.870915851456293
7899,0.847700158481232
7900,0.886694331697674
7901,0.903017173602165
7902,0.871121773749558
7903,0.892045038202488
7904,0.86312745314822
7905,0.88655296831814
7906,0.897513927687093
7907,0.872633110111605
7908,0.874398166837379
7909,0.895436649538375
7910,0.921488996258248
7911,0.83629059720488
7912,0.869863904523868
7913,0.866526678394563
7914,0.85501866240135
7915,0.855704473565903
7916,0.87920902519428
7917,0.8745766238755
7918,0.893228179469067
7919,0.866539181473123
7920,0.884177291218131
7921,0.857445411697732
7922,0.910958286958866
7923,0.918364375078165
7924,0.853208166851978
7925,0.860112498220517
7926,0.824609009266335
7927,0.890821473695285
7928,0.85284049733353
7929,0.881843304642299
7930,0.894883430094787
7931,0.906386903700679
7932,0.887574814181635
7933,0.87336865817693
7934,0.870394382444999
7935,0.86218208756758
7936,0.889319541079855
7937,0.888529009157147
7938,0.8645602324932
7939,0.867150583023954
7940,0.834762363210139
7941,0.842299256366371
7942,0.888812842907497
7943,0.852839134352342
7944,0.858183057466384
7945,0.872517681914732
7946,0.874757415390026
7947,0.893791417106604
7948,0.906923097378006
7949,0.881104881474747
7950,0.849075637882749
7951,0.889383379358533
7952,0.848608402958811
7953,0.859882607086351
7954,0.88196940402374
7955,0.872505805772119
7956,0.862809848335657
7957,0.877549712556455
7958,0.860800807568436
7959,0.906487856528568
7960,0.874175944015243
7961,0.927487622261972
7962,0.836040680209105
7963,0.869138707443196
7964,0.862245178290574
7965,0.811465194633757
7966,0.880436125704417
7967,0.810411585342509
7968,0.821526937471733
7969,0.88111838734898
7970,0.847535307495684
7971,0.871503829543784
7972,0.88648599567189
7973,0.861954848461624
7974,0.84430720508208
7975,0.808885077110245
7976,0.828334497210999
7977,0.844741248397731
7978,0.887168200379484
7979,0.849254892503553
7980,0.835212893279194
7981,0.894508119905346
7982,0.930481721037909
7983,0.898774741143691
7984,0.917728870824647
7985,0.913090363331154
7986,0.910024964679164
7987,0.912155169074863
7988,0.902199536922315
7989,0.93191986125698
7990,0.843870493335324
7991,0.860356987796608
7992,0.884785088315329
7993,0.8696242146553
7994,0.907252143375873
7995,0.892270918905891
7996,0.825260879740236
7997,0.863129514651487
7998,0.876132187388227
7999,0.871736021628169
8000,0.877082370417188
